-- phpMyAdmin SQL Dump
-- version 5.2.0
-- https://www.phpmyadmin.net/
--
-- Host: localhost:3307
-- Generation Time: Jun 20, 2025 at 10:07 AM
-- Server version: 8.0.30
-- PHP Version: 8.1.10

SET SQL_MODE = "NO_AUTO_VALUE_ON_ZERO";
START TRANSACTION;
SET time_zone = "+00:00";


/*!40101 SET @OLD_CHARACTER_SET_CLIENT=@@CHARACTER_SET_CLIENT */;
/*!40101 SET @OLD_CHARACTER_SET_RESULTS=@@CHARACTER_SET_RESULTS */;
/*!40101 SET @OLD_COLLATION_CONNECTION=@@COLLATION_CONNECTION */;
/*!40101 SET NAMES utf8mb4 */;

--
-- Database: `dbcms`
--

-- --------------------------------------------------------

--
-- Table structure for table `article`
--

CREATE TABLE `article` (
  `id` int NOT NULL,
  `date` varchar(20) NOT NULL,
  `title` varchar(255) NOT NULL,
  `content` text NOT NULL,
  `picture` varchar(255) DEFAULT NULL
) ENGINE=InnoDB DEFAULT CHARSET=latin1;

--
-- Dumping data for table `article`
--

INSERT INTO `article` (`id`, `date`, `title`, `content`, `picture`) VALUES
(1, '2025-06-10', 'Hawa Sejuk dan Spot Instagramable di Taman Selecta, Cocok Buat Healing!', '<p>Malang selalu punya cara buat bikin orang jatuh cinta. Salah satu tempat wisata yang wajib masuk dalam daftar kunjungan adalah <strong>Taman Rekreasi Selecta</strong>. Terletak di kawasan Batu, tempat ini terkenal dengan udaranya yang sejuk, pemandangan indah, dan pastinya banyak spot kece buat foto-foto. Kalau kamu lagi cari tempat buat santai, refreshing, atau sekadar melepas penat dari hiruk-pikuk kota, Selecta adalah pilihan yang tepat. Yuk, kita bahas lebih dalam tentang keindahan taman ini!</p><h2>Sejarah dan Daya Tarik Taman Selecta</h2><p>Taman Rekreasi Selecta bukan tempat wisata baru. Dibangun sejak era kolonial Belanda pada tahun 1930-an, tempat ini awalnya digunakan sebagai tempat peristirahatan bagi pejabat dan orang-orang penting saat itu. Namun, seiring berjalannya waktu, Selecta berkembang menjadi taman rekreasi yang terbuka untuk umum dan menjadi salah satu destinasi wisata favorit di Malang Raya.</p><p>Begitu sampai di Taman Selecta, kamu langsung disambut udara segar khas pegunungan yang bikin tubuh dan pikiran jadi rileks. Lokasinya yang berada di ketinggian sekitar 1.100 meter di atas permukaan laut membuat tempat ini punya suhu yang adem, bahkan di siang hari sekalipun. Ditambah lagi, taman bunga yang luas dengan warna-warni menawan bikin suasana makin nyaman dan menyenangkan.</p><h2>Spot Instagramable yang Wajib Dikunjungi</h2><p>Selain keindahan alamnya, Selecta juga menawarkan banyak spot instagramable yang cocok buat mempercantik feed media sosialmu. Ada taman bunga dengan latar belakang perbukitan hijau, jembatan kecil yang dikelilingi tanaman warna-warni, hingga kolam air jernih yang bisa jadi tempat foto estetik. Salah satu spot favorit pengunjung adalah <strong>sky bike</strong>, yaitu sepeda yang melayang di atas taman, memberikan sensasi unik dan pemandangan spektakuler dari atas.</p><h2>Wahana Seru di Taman Selecta</h2><p>Kalau datang ke sini, jangan lupa juga buat menikmati wahana seru yang ada di dalam taman. Selain sky bike, ada juga wahana perahu ayun, water park, hingga kuda tunggang buat anak-anak maupun dewasa. Kolam renang di Selecta juga cukup menarik karena airnya yang jernih dan sejuk, langsung dari sumber alami di sekitar pegunungan.</p><h2>Kulineran di Taman Selecta</h2><p>Setelah puas jalan-jalan dan bermain, kamu bisa mampir ke restoran atau area kuliner di dalam Selecta untuk menikmati makanan khas Malang, seperti bakso Malang yang terkenal lezat. Ada juga berbagai camilan seperti jagung bakar dan pisang goreng yang pas banget disantap sambil menikmati udara dingin di sini.</p><h2>Tips Berkunjung ke Taman Selecta</h2><ul><li><strong>Datang di pagi atau sore hari</strong> - Suhu lebih segar dan suasana lebih nyaman.</li><li><strong>Gunakan pakaian yang nyaman</strong> - Udara cukup dingin, pakailah jaket atau pakaian hangat.</li><li><strong>Bawa kamera atau ponsel dengan baterai penuh</strong> - Banyak spot bagus yang sayang kalau nggak diabadikan.</li><li><strong>Siapkan uang tunai</strong> - Beberapa tempat menerima pembayaran digital, tetapi lebih baik membawa uang tunai.</li></ul><h2>Kesimpulan</h2><p>Jadi, kalau kamu butuh tempat buat <strong>healing</strong> dari kesibukan sehari-hari, Taman Selecta adalah pilihan yang sempurna. Dengan udara sejuk, pemandangan indah, dan banyak spot foto keren, tempat ini cocok banget buat liburan santai bersama keluarga, teman, atau bahkan solo trip. Yuk, rencanakan perjalananmu ke Selecta dan rasakan sendiri keindahannya!</p>', 'img_6850e489602509.17618063.jpeg'),
(2, '2025-06-09', 'Jelajah Museum Angkut: Wisata Edukasi Seru untuk Pecinta Otomotif', '<p>Kalau kamu pecinta kendaraan atau suka dengan sejarah transportasi, Museum Angkut di Batu, Malang, wajib masuk dalam daftar tempat wisata yang harus dikunjungi!</p><p>Museum ini bukan sekadar tempat pajangan mobil dan motor lawas, tapi juga mengajak pengunjung menjelajahi perkembangan dunia otomotif dari masa ke masa dengan cara yang seru dan interaktif.</p><p>Mulai dari kendaraan klasik, pesawat, hingga suasana kota-kota terkenal dunia, semua bisa kamu temukan di sini. Yuk, kita jelajahi Museum Angkut lebih dalam!</p><p><strong>Sejarah dan Konsep Museum Angkut</strong></p><p>Museum Angkut pertama kali dibuka pada tahun 2014 oleh Jatim Park Group, pengelola beberapa destinasi wisata populer di Batu. Sebagai museum transportasi pertama dan terbesar di Asia Tenggara, tempat ini punya koleksi lebih dari 300 kendaraan dari berbagai era dan negara.</p><p>Bukan hanya mobil dan motor klasik, tapi juga pesawat, sepeda, becak, hingga kendaraan khas berbagai daerah di Indonesia dan dunia.</p><p>Yang bikin Museum Angkut makin menarik adalah konsepnya yang tematik. Jadi, saat menjelajahi museum ini, kamu seperti berpindah dari satu kota ke kota lain dengan atmosfer yang benar-benar berbeda. Setiap zona dibuat mirip dengan aslinya, lengkap dengan bangunan, lampu, bahkan musik khas yang membuat pengalamanmu semakin seru.</p><h4><strong>Zona-Zona Menarik di Museum Angkut</strong></h4><p><strong>1. Zona Hall Utama</strong></p><p>Begitu masuk, kamu langsung disambut dengan berbagai koleksi kendaraan antik yang elegan. Di sini, ada mobil-mobil klasik dari Amerika dan Eropa yang dulu digunakan oleh para pejabat dan orang-orang berpengaruh di dunia. Salah satu yang paling menarik perhatian adalah mobil kepresidenan yang pernah digunakan oleh Presiden Soekarno!</p><p><strong>2. Zona Edukasi</strong></p><p>Buat kamu yang penasaran dengan sejarah perkembangan transportasi dari zaman ke zaman, zona ini cocok banget untuk dikunjungi. Ada berbagai informasi menarik tentang bagaimana kendaraan berkembang, mulai dari kereta kuda, sepeda, hingga mobil listrik masa kini.</p><p><strong>3. Zona Sunda Kelapa &amp; Batavia</strong></p><p>Zona ini menggambarkan suasana pelabuhan Sunda Kelapa pada masa kolonial Belanda. Kamu bisa melihat replika kapal besar, becak tempo dulu, dan berbagai kendaraan khas dari era tersebut. Ditambah dengan suasana khas pasar dan pelabuhan zaman dulu, tempat ini cocok buat yang suka berfoto dengan nuansa vintage.</p><p><strong>4. Zona Amerika</strong></p><p>Kalau kamu penggemar mobil klasik ala Hollywood, zona ini pasti jadi favoritmu! Ada banyak kendaraan khas Amerika seperti Cadillac, Chevrolet, hingga Ford Mustang. Zona ini juga dihiasi dengan suasana kota-kota di Amerika, lengkap dengan replika Hollywood dan Broadway yang ikonik.</p><p><strong>5. Zona Eropa</strong></p><p>Di sini, kamu bakal merasa seperti sedang berjalan di jalanan kota-kota klasik di Eropa. Mulai dari London dengan bus merah tingkatnya yang khas, Paris dengan suasana romantisnya, hingga Italia yang penuh dengan mobil-mobil sport mewah seperti Ferrari dan Lamborghini.</p><p><strong>6. Zona Gangster &amp; Broadway</strong></p><p>Buat kamu yang suka suasana film mafia ala Amerika, zona ini menawarkan pengalaman unik. Dengan latar belakang kota gangster tahun 1920-an, lengkap dengan kendaraan klasik dan suasana gelap penuh lampu neon, tempat ini sering jadi spot favorit untuk foto-foto keren.</p><h4><strong>Wahana dan Atraksi Menarik</strong></h4><p>Selain koleksi kendaraan yang super keren, Museum Angkut juga menawarkan berbagai atraksi yang sayang untuk dilewatkan:</p><ul><li><strong>The Presidential Car</strong> - Koleksi mobil kepresidenan, termasuk replika mobil yang pernah digunakan oleh Presiden Soekarno.</li><li><strong>Zona Flight Simulator</strong> - Kamu bisa merasakan sensasi menerbangkan pesawat dalam simulator yang seru dan realistis.</li><li><strong>Atraksi Parade Kendaraan</strong> - Setiap sore, ada parade kendaraan klasik yang dikendarai oleh staf museum dengan kostum khas sesuai dengan era kendaraannya.</li></ul><h4><strong>Zona Pasar Apung: Tempat Makan &amp; Belanja Unik</strong></h4><p>Setelah puas menjelajahi berbagai zona di Museum Angkut, jangan lupa mampir ke Pasar Apung Nusantara yang ada di area luar museum. Konsepnya mirip dengan pasar terapung di Kalimantan, di mana berbagai jajanan tradisional dijual dari perahu-perahu kecil.</p><p>Di sini, kamu bisa mencicipi makanan khas Jawa Timur seperti nasi pecel, tahu petis, rujak cingur, hingga es dawet. Selain makanan, Pasar Apung juga menjual berbagai suvenir khas Malang yang cocok buat oleh-oleh.</p><h4><strong>Tips Berkunjung ke Museum Angkut</strong></h4><ul><li><strong>Datang lebih awal</strong> - Museum ini cukup luas, jadi kalau ingin menjelajahi semua zona dengan puas, sebaiknya datang pagi atau siang hari.</li><li><strong>Gunakan pakaian dan sepatu yang nyaman</strong> - Karena kamu akan banyak berjalan, pakailah pakaian yang santai dan sepatu yang nyaman.</li><li><strong>Bawa kamera atau ponsel dengan baterai penuh</strong> - Ada banyak spot keren yang sayang banget kalau tidak diabadikan.</li><li><strong>Jangan lupa cek jadwal pertunjukan</strong> - Supaya tidak ketinggalan parade kendaraan atau atraksi seru lainnya.</li></ul><h4><strong>Kesimpulan</strong></h4><p>Museum Angkut bukan sekadar museum biasa, tapi tempat wisata edukasi yang menyenangkan untuk semua usia. Dengan koleksi kendaraan klasik, zona tematik yang keren, dan berbagai wahana interaktif, tempat ini cocok banget buat pecinta otomotif maupun yang sekadar ingin jalan-jalan dan hunting foto keren.</p><p>Jadi, kalau kamu ke Malang atau Batu, jangan lupa mampir ke Museum Angkut. Siapkan kamera, ajak teman atau keluarga, dan nikmati pengalaman menjelajahi dunia otomotif dalam suasana yang unik dan mengesankan!</p>', 'img_6850e4ac186ec5.46163057.jpeg'),
(3, '2025-06-09', 'Kompleks Candi Borobudur - Pusat Warisan Dunia', '<p>&nbsp;</p><p style=\"-webkit-text-stroke-width:0px;background-color:rgb(255, 255, 255);box-sizing:border-box;color:rgb(33, 33, 33);font-family:Inter, sans-serif;font-size:1.125rem;font-style:normal;font-variant-caps:normal;font-variant-ligatures:normal;font-weight:400;letter-spacing:normal;line-height:1.6;margin-bottom:1rem;margin-top:0px;orphans:2;text-align:left;text-decoration-color:initial;text-decoration-style:initial;text-decoration-thickness:initial;text-indent:0px;text-transform:none;white-space:normal;widows:2;word-spacing:0px;\"><font style=\"box-sizing:border-box;vertical-align:inherit;\">Kompleks Candi Borobudur merupakan salah satu monumen Buddha terbesar di dunia, dibangun pada abad ke-8 dan ke-9 Masehi pada masa pemerintahan Dinasti Syailendra. Monumen ini terletak di Lembah Kedu, di bagian selatan Jawa Tengah, di pusat Pulau Jawa, Indonesia.</font></p><p style=\"-webkit-text-stroke-width:0px;background-color:rgb(255, 255, 255);box-sizing:border-box;color:rgb(33, 33, 33);font-family:Inter, sans-serif;font-size:1.125rem;font-style:normal;font-variant-caps:normal;font-variant-ligatures:normal;font-weight:400;letter-spacing:normal;line-height:1.6;margin-bottom:1rem;margin-top:0px;orphans:2;text-align:left;text-decoration-color:initial;text-decoration-style:initial;text-decoration-thickness:initial;text-indent:0px;text-transform:none;white-space:normal;widows:2;word-spacing:0px;\"><font style=\"box-sizing:border-box;vertical-align:inherit;\">Candi utama adalah stupa yang dibangun dalam tiga tingkat di sekitar bukit yang merupakan pusat alami: dasar piramida dengan lima teras persegi konsentris, batang kerucut dengan tiga platform melingkar dan, di puncaknya, sebuah stupa monumental. Dinding dan langkan dihiasi dengan relief rendah yang indah, yang menutupi total luas permukaan 2.520 m <sup style=\"box-sizing:border-box;font-size:13.5px;line-height:0;position:relative;top:-0.5em;vertical-align:baseline;\">2</sup> . Di sekitar platform melingkar terdapat 72 stupa kerawang, masing-masing berisi patung Buddha.</font></p><p style=\"-webkit-text-stroke-width:0px;background-color:rgb(255, 255, 255);box-sizing:border-box;color:rgb(33, 33, 33);font-family:Inter, sans-serif;font-size:1.125rem;font-style:normal;font-variant-caps:normal;font-variant-ligatures:normal;font-weight:400;letter-spacing:normal;line-height:1.6;margin-bottom:1rem;margin-top:0px;orphans:2;text-align:left;text-decoration-color:initial;text-decoration-style:initial;text-decoration-thickness:initial;text-indent:0px;text-transform:none;white-space:normal;widows:2;word-spacing:0px;\"><font style=\"box-sizing:border-box;vertical-align:inherit;\">Pembagian vertikal Candi Borobudur menjadi dasar, tubuh, dan bangunan atas sangat sesuai dengan konsepsi Alam Semesta dalam kosmologi Buddha. Dipercayai bahwa alam semesta terbagi menjadi tiga lapisan yang saling tumpang tindih, </font><em style=\"box-sizing:border-box;\"><font style=\"box-sizing:border-box;vertical-align:inherit;\"><i>kamadhatu, rupadhatu</i></font></em><font style=\"box-sizing:border-box;vertical-align:inherit;\"> , dan </font><em style=\"box-sizing:border-box;\"><font style=\"box-sizing:border-box;vertical-align:inherit;\"><i>arupadhatu</i></font></em><font style=\"box-sizing:border-box;vertical-align:inherit;\"> , yang masing-masing mewakili </font><em style=\"box-sizing:border-box;\"><font style=\"box-sizing:border-box;vertical-align:inherit;\"><i>lapisan keinginan</i></font></em><font style=\"box-sizing:border-box;vertical-align:inherit;\"> di mana kita terikat pada keinginan kita, </font><em style=\"box-sizing:border-box;\"><font style=\"box-sizing:border-box;vertical-align:inherit;\"><i>lapisan bentuk</i></font></em><font style=\"box-sizing:border-box;vertical-align:inherit;\"> di mana kita meninggalkan keinginan kita tetapi masih terikat pada nama dan bentuk, dan </font><em style=\"box-sizing:border-box;\"><font style=\"box-sizing:border-box;vertical-align:inherit;\"><i>lapisan tanpa bentuk</i></font></em><font style=\"box-sizing:border-box;vertical-align:inherit;\"> di mana tidak ada lagi nama atau bentuk. Di Candi Borobudur, </font><em style=\"box-sizing:border-box;\"><font style=\"box-sizing:border-box;vertical-align:inherit;\"><i>kamadhatu</i></font></em><font style=\"box-sizing:border-box;vertical-align:inherit;\"> diwakili oleh dasar, </font><em style=\"box-sizing:border-box;\"><font style=\"box-sizing:border-box;vertical-align:inherit;\"><i>rupadhatu</i></font></em><font style=\"box-sizing:border-box;vertical-align:inherit;\"> oleh lima teras persegi, dan </font><em style=\"box-sizing:border-box;\"><font style=\"box-sizing:border-box;vertical-align:inherit;\"><i>arupadhatu</i></font></em><font style=\"box-sizing:border-box;vertical-align:inherit;\"> oleh tiga platform melingkar serta stupa besar. Seluruh struktur menunjukkan perpaduan unik dari ide-ide yang sangat sentral dari pemujaan leluhur, yang terkait dengan gagasan gunung bertingkat, dikombinasikan dengan konsep Buddha untuk mencapai Nirwana.</font></p><p style=\"-webkit-text-stroke-width:0px;background-color:rgb(255, 255, 255);box-sizing:border-box;color:rgb(33, 33, 33);font-family:Inter, sans-serif;font-size:1.125rem;font-style:normal;font-variant-caps:normal;font-variant-ligatures:normal;font-weight:400;letter-spacing:normal;line-height:1.6;margin-bottom:1rem;margin-top:0px;orphans:2;text-align:left;text-decoration-color:initial;text-decoration-style:initial;text-decoration-thickness:initial;text-indent:0px;text-transform:none;white-space:normal;widows:2;word-spacing:0px;\"><font style=\"box-sizing:border-box;vertical-align:inherit;\">Candi ini juga harus dilihat sebagai monumen dinasti yang luar biasa dari Dinasti Syailendra yang memerintah Jawa selama sekitar lima abad hingga abad ke-10.</font></p><p style=\"-webkit-text-stroke-width:0px;background-color:rgb(255, 255, 255);box-sizing:border-box;color:rgb(33, 33, 33);font-family:Inter, sans-serif;font-size:1.125rem;font-style:normal;font-variant-caps:normal;font-variant-ligatures:normal;font-weight:400;letter-spacing:normal;line-height:1.6;margin-bottom:1rem;margin-top:0px;orphans:2;text-align:left;text-decoration-color:initial;text-decoration-style:initial;text-decoration-thickness:initial;text-indent:0px;text-transform:none;white-space:normal;widows:2;word-spacing:0px;\"><font style=\"box-sizing:border-box;vertical-align:inherit;\">Kompleks Candi Borobudur terdiri dari tiga monumen: yaitu Candi Borobudur dan dua candi yang lebih kecil yang terletak di sebelah timur pada sumbu lurus dengan Borobudur. Kedua candi tersebut adalah Candi Mendut, yang penggambaran Buddha diwakili oleh monolit yang kokoh disertai dengan dua Bodhisattva, dan Candi Pawon, candi yang lebih kecil yang ruang dalamnya tidak mengungkapkan dewa mana yang mungkin menjadi objek pemujaan. Ketiga monumen tersebut mewakili fase-fase dalam pencapaian Nirwana.</font></p><p style=\"-webkit-text-stroke-width:0px;background-color:rgb(255, 255, 255);box-sizing:border-box;color:rgb(33, 33, 33);font-family:Inter, sans-serif;font-size:1.125rem;font-style:normal;font-variant-caps:normal;font-variant-ligatures:normal;font-weight:400;letter-spacing:normal;line-height:1.6;margin-bottom:1rem;margin-top:0px;orphans:2;text-align:left;text-decoration-color:initial;text-decoration-style:initial;text-decoration-thickness:initial;text-indent:0px;text-transform:none;white-space:normal;widows:2;word-spacing:0px;\"><font style=\"box-sizing:border-box;vertical-align:inherit;\">Candi ini digunakan sebagai candi Buddha sejak dibangun hingga ditinggalkan pada abad ke-10 dan ke-15. Sejak ditemukan kembali pada abad ke-19 dan dipugar pada abad ke-20, candi ini telah dikembalikan menjadi situs arkeologi Buddha.</font></p><p style=\"-webkit-text-stroke-width:0px;background-color:rgb(255, 255, 255);box-sizing:border-box;color:rgb(33, 33, 33);font-family:Inter, sans-serif;font-size:1.125rem;font-style:normal;font-variant-caps:normal;font-variant-ligatures:normal;font-weight:400;letter-spacing:normal;line-height:1.6;margin-bottom:1rem;margin-top:0px;orphans:2;text-align:left;text-decoration-color:initial;text-decoration-style:initial;text-decoration-thickness:initial;text-indent:0px;text-transform:none;white-space:normal;widows:2;word-spacing:0px;\"><font style=\"box-sizing:border-box;vertical-align:inherit;\"><strong style=\"box-sizing:border-box;\">Kriteria (i):</strong> Kompleks Candi Borobudur dengan piramida berundak tak beratap yang terdiri dari sepuluh teras bertingkat, dimahkotai oleh kubah besar berbentuk lonceng merupakan perpaduan harmonis antara stupa, candi, dan gunung yang merupakan mahakarya arsitektur Buddha dan seni monumental.</font></p><p style=\"-webkit-text-stroke-width:0px;background-color:rgb(255, 255, 255);box-sizing:border-box;color:rgb(33, 33, 33);font-family:Inter, sans-serif;font-size:1.125rem;font-style:normal;font-variant-caps:normal;font-variant-ligatures:normal;font-weight:400;letter-spacing:normal;line-height:1.6;margin-bottom:1rem;margin-top:0px;orphans:2;text-align:left;text-decoration-color:initial;text-decoration-style:initial;text-decoration-thickness:initial;text-indent:0px;text-transform:none;white-space:normal;widows:2;word-spacing:0px;\"><font style=\"box-sizing:border-box;vertical-align:inherit;\"><strong style=\"box-sizing:border-box;\">Kriteria (ii):</strong> Kompleks Candi Borobudur merupakan contoh luar biasa seni dan arsitektur Indonesia antara awal abad ke-8 dan akhir abad ke-9 yang memberikan pengaruh besar terhadap kebangkitan arsitektur antara pertengahan abad ke-13 dan awal abad ke-16.</font></p><p style=\"-webkit-text-stroke-width:0px;background-color:rgb(255, 255, 255);box-sizing:border-box;color:rgb(33, 33, 33);font-family:Inter, sans-serif;font-size:1.125rem;font-style:normal;font-variant-caps:normal;font-variant-ligatures:normal;font-weight:400;letter-spacing:normal;line-height:1.6;margin-bottom:1rem;margin-top:0px;orphans:2;text-align:left;text-decoration-color:initial;text-decoration-style:initial;text-decoration-thickness:initial;text-indent:0px;text-transform:none;white-space:normal;widows:2;word-spacing:0px;\"><font style=\"box-sizing:border-box;vertical-align:inherit;\"><strong style=\"box-sizing:border-box;\">Kriteria (vi):</strong> Ditata dalam bentuk bunga teratai, bunga suci Buddha, Kompleks Candi Borobudur merupakan cerminan luar biasa dari perpaduan ide inti pemujaan leluhur adat dan konsep Buddha untuk mencapai Nirwana. Sepuluh teras yang menjulang di seluruh bangunan sesuai dengan tahap-tahap yang harus dicapai Bodhisattva sebelum mencapai Kebuddhaan.</font></p><p style=\"-webkit-text-stroke-width:0px;background-color:rgb(255, 255, 255);box-sizing:border-box;color:rgb(33, 33, 33);font-family:Inter, sans-serif;font-size:1.125rem;font-style:normal;font-variant-caps:normal;font-variant-ligatures:normal;font-weight:400;letter-spacing:normal;line-height:1.6;margin-bottom:1rem;margin-top:0px;orphans:2;text-align:left;text-decoration-color:initial;text-decoration-style:initial;text-decoration-thickness:initial;text-indent:0px;text-transform:none;white-space:normal;widows:2;word-spacing:0px;\"><font style=\"box-sizing:border-box;vertical-align:inherit;\"><strong style=\"box-sizing:border-box;\">Integritas</strong></font></p><p style=\"-webkit-text-stroke-width:0px;background-color:rgb(255, 255, 255);box-sizing:border-box;color:rgb(33, 33, 33);font-family:Inter, sans-serif;font-size:1.125rem;font-style:normal;font-variant-caps:normal;font-variant-ligatures:normal;font-weight:400;letter-spacing:normal;line-height:1.6;margin-bottom:1rem;margin-top:0px;orphans:2;text-align:left;text-decoration-color:initial;text-decoration-style:initial;text-decoration-thickness:initial;text-indent:0px;text-transform:none;white-space:normal;widows:2;word-spacing:0px;\"><font style=\"box-sizing:border-box;vertical-align:inherit;\">Batas-batas tersebut memuat tiga candi yang mencakup sumbu imajiner di antara ketiganya. Meskipun hubungan visual tidak lagi terbuka, fungsi dinamis antara ketiga monumen, Candi Borobudur, Candi Mendut, dan Candi Pawon tetap dipertahankan.</font></p><p style=\"-webkit-text-stroke-width:0px;background-color:rgb(255, 255, 255);box-sizing:border-box;color:rgb(33, 33, 33);font-family:Inter, sans-serif;font-size:1.125rem;font-style:normal;font-variant-caps:normal;font-variant-ligatures:normal;font-weight:400;letter-spacing:normal;line-height:1.6;margin-bottom:1rem;margin-top:0px;orphans:2;text-align:left;text-decoration-color:initial;text-decoration-style:initial;text-decoration-thickness:initial;text-indent:0px;text-transform:none;white-space:normal;widows:2;word-spacing:0px;\"><font style=\"box-sizing:border-box;vertical-align:inherit;\">Ancaman utama bagi keseluruhannya adalah dari pembangunan yang dapat membahayakan hubungan luar biasa antara monumen utama dan lingkungannya yang lebih luas dan juga dapat memengaruhi Nilai Universal Luar Biasa dari properti tersebut. Pendekatan terhadap properti tersebut pada tingkat tertentu telah dikompromikan oleh peraturan pembangunan yang lemah.</font></p><p style=\"-webkit-text-stroke-width:0px;background-color:rgb(255, 255, 255);box-sizing:border-box;color:rgb(33, 33, 33);font-family:Inter, sans-serif;font-size:1.125rem;font-style:normal;font-variant-caps:normal;font-variant-ligatures:normal;font-weight:400;letter-spacing:normal;line-height:1.6;margin-bottom:1rem;margin-top:0px;orphans:2;text-align:left;text-decoration-color:initial;text-decoration-style:initial;text-decoration-thickness:initial;text-indent:0px;text-transform:none;white-space:normal;widows:2;word-spacing:0px;\"><font style=\"box-sizing:border-box;vertical-align:inherit;\">Pariwisata juga memberikan tekanan yang cukup besar terhadap properti dan daerah sekitarnya.</font></p><p style=\"-webkit-text-stroke-width:0px;background-color:rgb(255, 255, 255);box-sizing:border-box;color:rgb(33, 33, 33);font-family:Inter, sans-serif;font-size:1.125rem;font-style:normal;font-variant-caps:normal;font-variant-ligatures:normal;font-weight:400;letter-spacing:normal;line-height:1.6;margin-bottom:1rem;margin-top:0px;orphans:2;text-align:left;text-decoration-color:initial;text-decoration-style:initial;text-decoration-thickness:initial;text-indent:0px;text-transform:none;white-space:normal;widows:2;word-spacing:0px;\"><font style=\"box-sizing:border-box;vertical-align:inherit;\">Terjadi peningkatan laju kerusakan batu bangunan, yang penyebabnya perlu diteliti lebih lanjut. Ada pula kerusakan kecil yang disebabkan oleh pengunjung yang tidak diawasi.</font></p><p style=\"-webkit-text-stroke-width:0px;background-color:rgb(255, 255, 255);box-sizing:border-box;color:rgb(33, 33, 33);font-family:Inter, sans-serif;font-size:1.125rem;font-style:normal;font-variant-caps:normal;font-variant-ligatures:normal;font-weight:400;letter-spacing:normal;line-height:1.6;margin-bottom:1rem;margin-top:0px;orphans:2;text-align:left;text-decoration-color:initial;text-decoration-style:initial;text-decoration-thickness:initial;text-indent:0px;text-transform:none;white-space:normal;widows:2;word-spacing:0px;\"><font style=\"box-sizing:border-box;vertical-align:inherit;\">Letusan Gunung Merapi juga dianggap sebagai salah satu ancaman potensial karena mengeluarkan endapan abu asam seperti yang terjadi pada tahun 2010.</font></p><p style=\"-webkit-text-stroke-width:0px;background-color:rgb(255, 255, 255);box-sizing:border-box;color:rgb(33, 33, 33);font-family:Inter, sans-serif;font-size:1.125rem;font-style:normal;font-variant-caps:normal;font-variant-ligatures:normal;font-weight:400;letter-spacing:normal;line-height:1.6;margin-bottom:1rem;margin-top:0px;orphans:2;text-align:left;text-decoration-color:initial;text-decoration-style:initial;text-decoration-thickness:initial;text-indent:0px;text-transform:none;white-space:normal;widows:2;word-spacing:0px;\"><font style=\"box-sizing:border-box;vertical-align:inherit;\"><strong style=\"box-sizing:border-box;\">Keaslian</strong></font></p><p style=\"-webkit-text-stroke-width:0px;background-color:rgb(255, 255, 255);box-sizing:border-box;color:rgb(33, 33, 33);font-family:Inter, sans-serif;font-size:1.125rem;font-style:normal;font-variant-caps:normal;font-variant-ligatures:normal;font-weight:400;letter-spacing:normal;line-height:1.6;margin-bottom:1rem;margin-top:0px;orphans:2;text-align:left;text-decoration-color:initial;text-decoration-style:initial;text-decoration-thickness:initial;text-indent:0px;text-transform:none;white-space:normal;widows:2;word-spacing:0px;\"><font style=\"box-sizing:border-box;vertical-align:inherit;\">Material asli digunakan untuk merekonstruksi candi dalam dua tahap pada abad ke-20: setelah pergantian abad dan baru-baru ini (1973-1983). Sebagian besar material asli digunakan dengan beberapa tambahan untuk memperkuat monumen dan memastikan drainase yang baik yang tidak berdampak buruk pada nilai properti. Meskipun kondisi Candi Borobudur saat ini merupakan hasil restorasi, material asli yang masih ada cukup banyak saat ditemukan kembali memungkinkan rekonstruksi.</font></p><p style=\"-webkit-text-stroke-width:0px;background-color:rgb(255, 255, 255);box-sizing:border-box;color:rgb(33, 33, 33);font-family:Inter, sans-serif;font-size:1.125rem;font-style:normal;font-variant-caps:normal;font-variant-ligatures:normal;font-weight:400;letter-spacing:normal;line-height:1.6;margin-bottom:1rem;margin-top:0px;orphans:2;text-align:left;text-decoration-color:initial;text-decoration-style:initial;text-decoration-thickness:initial;text-indent:0px;text-transform:none;white-space:normal;widows:2;word-spacing:0px;\"><font style=\"box-sizing:border-box;vertical-align:inherit;\">Saat ini, properti tersebut dapat digunakan sebagai tempat ziarah Buddha. Namun, suasana keseluruhannya sedikit terganggu oleh kurangnya kontrol terhadap aktivitas komersial dan tekanan yang diakibatkan oleh kurangnya strategi manajemen pariwisata yang memadai.</font></p><p style=\"-webkit-text-stroke-width:0px;background-color:rgb(255, 255, 255);box-sizing:border-box;color:rgb(33, 33, 33);font-family:Inter, sans-serif;font-size:1.125rem;font-style:normal;font-variant-caps:normal;font-variant-ligatures:normal;font-weight:400;letter-spacing:normal;line-height:1.6;margin-bottom:1rem;margin-top:0px;orphans:2;text-align:left;text-decoration-color:initial;text-decoration-style:initial;text-decoration-thickness:initial;text-indent:0px;text-transform:none;white-space:normal;widows:2;word-spacing:0px;\"><font style=\"box-sizing:border-box;vertical-align:inherit;\"><strong style=\"box-sizing:border-box;\">Persyaratan perlindungan dan pengelolaan</strong></font></p><p style=\"-webkit-text-stroke-width:0px;background-color:rgb(255, 255, 255);box-sizing:border-box;color:rgb(33, 33, 33);font-family:Inter, sans-serif;font-size:1.125rem;font-style:normal;font-variant-caps:normal;font-variant-ligatures:normal;font-weight:400;letter-spacing:normal;line-height:1.6;margin-bottom:1rem;margin-top:0px;orphans:2;text-align:left;text-decoration-color:initial;text-decoration-style:initial;text-decoration-thickness:initial;text-indent:0px;text-transform:none;white-space:normal;widows:2;word-spacing:0px;\"><font style=\"box-sizing:border-box;vertical-align:inherit;\">Perlindungan terhadap properti tersebut dilakukan berdasarkan Undang-Undang Nomor 11 Tahun 2010 tentang Cagar Budaya dan lanskap budaya di sekitarnya. Perlindungan tersebut dilaksanakan berdasarkan Kawasan Strategis Nasional dan Rencana Tata Ruang oleh Kementerian Pekerjaan Umum sesuai dengan Undang-Undang tentang Tata Ruang Nomor 26 Tahun 2007 dan Peraturan Pemerintah Nomor 26 Tahun 2008 tentang Rencana Tata Ruang Nasional dan akan ditegakkan lebih lanjut melalui peraturan presiden lainnya tentang Pengelolaan Kawasan Strategis Nasional Borobudur yang masih dalam tahap penyusunan oleh Kementerian Pekerjaan Umum.</font></p><p style=\"-webkit-text-stroke-width:0px;background-color:rgb(255, 255, 255);box-sizing:border-box;color:rgb(33, 33, 33);font-family:Inter, sans-serif;font-size:1.125rem;font-style:normal;font-variant-caps:normal;font-variant-ligatures:normal;font-weight:400;letter-spacing:normal;line-height:1.6;margin-bottom:1rem;margin-top:0px;orphans:2;text-align:left;text-decoration-color:initial;text-decoration-style:initial;text-decoration-thickness:initial;text-indent:0px;text-transform:none;white-space:normal;widows:2;word-spacing:0px;\"><font style=\"box-sizing:border-box;vertical-align:inherit;\">Kerangka hukum dan kelembagaan untuk pengelolaan properti yang efektif diatur oleh Keputusan Presiden Nomor 1 Tahun 1992. Zona yang ditetapkan dalam properti Warisan Dunia masing-masing berada di bawah tanggung jawab Balai Pelestarian Warisan Borobudur di bawah Kementerian Pendidikan dan Kebudayaan, lembaga milik negara PT. Taman Wisata Candi Borobudur di bawah Kementerian BUMN, dan pemerintah daerah (Kabupaten Magelang dan Provinsi Jawa Tengah). Sebuah studi tentang pengelolaan terpadu Kompleks Candi Borobudur telah dilakukan, termasuk perhatian terhadap ekosistem, aspek sosial dan budaya, ekowisata, kemitraan publik dan swasta, dan studi kelayakan organisasi. Studi ini adalah dasar dari pendekatan manajemen pengunjung yang masih harus dikembangkan.</font></p><p style=\"-webkit-text-stroke-width:0px;background-color:rgb(255, 255, 255);box-sizing:border-box;color:rgb(33, 33, 33);font-family:Inter, sans-serif;font-size:1.125rem;font-style:normal;font-variant-caps:normal;font-variant-ligatures:normal;font-weight:400;letter-spacing:normal;line-height:1.6;margin-bottom:1rem;margin-top:0px;orphans:2;text-align:left;text-decoration-color:initial;text-decoration-style:initial;text-decoration-thickness:initial;text-indent:0px;text-transform:none;white-space:normal;widows:2;word-spacing:0px;\"><font style=\"box-sizing:border-box;vertical-align:inherit;\">Untuk memastikan konsistensi antara Keputusan Presiden tahun 1992 dan sistem zona Rencana Induk JICA tahun 1972 yang tercantum dalam berkas nominasi Warisan Dunia dan untuk memperkuat peraturan mengenai pembangunan, Peraturan Presiden Baru masih dirumuskan oleh Badan Koordinasi (14 Kementerian dan pemerintah daerah serta perwakilan masyarakat setempat) dan dengan memformalkan peran Badan Pengelola yang diusulkan ke dalam zona yang lebih luas. Selain itu, perlindungan properti telah dipastikan oleh kontribusi keuangan rutin dari anggaran nasional.</font></p><p style=\"-webkit-text-stroke-width:0px;background-color:rgb(255, 255, 255);box-sizing:border-box;color:rgb(33, 33, 33);font-family:Inter, sans-serif;font-size:1.125rem;font-style:normal;font-variant-caps:normal;font-variant-ligatures:normal;font-weight:400;letter-spacing:normal;line-height:1.6;margin-bottom:1rem;margin-top:0px;orphans:2;text-align:left;text-decoration-color:initial;text-decoration-style:initial;text-decoration-thickness:initial;text-indent:0px;text-transform:none;white-space:normal;widows:2;word-spacing:0px;\"><font style=\"box-sizing:border-box;vertical-align:inherit;\">Program pemantauan telah dilaksanakan secara efektif untuk memantau laju kerusakan batu bangunan dan juga kerusakan akibat pengunjung yang tidak diawasi. Penelitian sedang dilakukan untuk menentukan dampak jangka panjang endapan abu asam dari letusan Gunung Merapi untuk menetapkan perlindungan dan pengelolaan konservasi lebih lanjut terhadap properti tersebut. Selanjutnya, rencana kesiapsiagaan risiko akan dirumuskan pada tahun 2012.</font></p><p style=\"-webkit-text-stroke-width:0px;background-color:rgb(255, 255, 255);box-sizing:border-box;color:rgb(33, 33, 33);font-family:Inter, sans-serif;font-size:1.125rem;font-style:normal;font-variant-caps:normal;font-variant-ligatures:normal;font-weight:400;letter-spacing:normal;line-height:1.6;margin-bottom:1rem;margin-top:0px;orphans:2;text-align:left;text-decoration-color:initial;text-decoration-style:initial;text-decoration-thickness:initial;text-indent:0px;text-transform:none;white-space:normal;widows:2;word-spacing:0px;\"><font style=\"box-sizing:border-box;vertical-align:inherit;\">Balai Konservasi Warisan Budaya Borobudur telah melaksanakan program pengembangan masyarakat yang ditujukan terutama kepada kaum muda untuk meningkatkan kesadaran mereka. Dalam rangka meningkatkan dan memberdayakan masyarakat setempat sebagai pemandu spesialis di Kompleks Candi Borobudur, beberapa program pelatihan telah dilaksanakan. Pengembangan masyarakat yang terkait dengan sektor ekonomi (usaha kecil yang memproduksi kerajinan tangan tradisional, kuliner, dll) telah dilaksanakan oleh pemerintah daerah Kabupaten Magelang dan Provinsi Jawa Tengah.</font></p>', 'borobudur.jpeg');
INSERT INTO `article` (`id`, `date`, `title`, `content`, `picture`) VALUES
(8, '2025-06-10', 'Wisata Malang: 10 Rekomendasi Destinasi Wisata', '<p style=\"-webkit-text-stroke-width:0px;background-color:rgb(255, 255, 255);box-sizing:border-box;color:rgb(34, 34, 34);font-family:Inter;font-size:15px;font-style:normal;font-variant-caps:normal;font-variant-ligatures:normal;font-weight:400;letter-spacing:normal;margin:0px auto 26px;orphans:2;overflow-wrap:break-word;text-align:start;text-decoration-color:initial;text-decoration-style:initial;text-decoration-thickness:initial;text-indent:0px;text-transform:none;white-space:normal;widows:2;word-spacing:0px;\">Malang menawarkan berbagai macam destinasi wisata alam yang memukau. Berikut ini adalah 10 destinasi wisata alam terbaik di Malang yang wajib dikunjungi:</p><h3 class=\"wp-block-heading\" style=\"-webkit-text-stroke-width:0px;background-color:rgb(255, 255, 255);box-sizing:border-box;color:rgb(17, 17, 17);font-family:Roboto, sans-serif;font-size:22px;font-style:normal;font-variant-caps:normal;font-variant-ligatures:normal;font-weight:400;letter-spacing:normal;line-height:30px;margin:27px auto 17px;orphans:2;text-align:start;text-decoration-color:initial;text-decoration-style:initial;text-decoration-thickness:initial;text-indent:0px;text-transform:none;white-space:normal;widows:2;word-spacing:0px;\"><span style=\"box-sizing:border-box;\" id=\"1_Coban_Rondo\">1. Coban Rondo</span></h3><p style=\"-webkit-text-stroke-width:0px;background-color:rgb(255, 255, 255);box-sizing:border-box;color:rgb(34, 34, 34);font-family:Inter;font-size:15px;font-style:normal;font-variant-caps:normal;font-variant-ligatures:normal;font-weight:400;letter-spacing:normal;margin:0px auto 26px;orphans:2;overflow-wrap:break-word;text-align:start;text-decoration-color:initial;text-decoration-style:initial;text-decoration-thickness:initial;text-indent:0px;text-transform:none;white-space:normal;widows:2;word-spacing:0px;\">Air terjun ini memiliki ketinggian sekitar 84 meter dan dikelilingi oleh hutan pinus yang rimbun. Coban Rondo juga menawarkan fasilitas seperti area <em style=\"box-sizing:border-box;\"><i>camping</i></em>, labirin, dan wahana <em style=\"box-sizing:border-box;\"><i>outbound</i></em>.</p><h3 class=\"wp-block-heading\" style=\"-webkit-text-stroke-width:0px;background-color:rgb(255, 255, 255);box-sizing:border-box;color:rgb(17, 17, 17);font-family:Roboto, sans-serif;font-size:22px;font-style:normal;font-variant-caps:normal;font-variant-ligatures:normal;font-weight:400;letter-spacing:normal;line-height:30px;margin:27px auto 17px;orphans:2;text-align:start;text-decoration-color:initial;text-decoration-style:initial;text-decoration-thickness:initial;text-indent:0px;text-transform:none;white-space:normal;widows:2;word-spacing:0px;\"><span style=\"box-sizing:border-box;\" id=\"2_Gunung_Bromo\">2. Gunung Bromo</span></h3><p style=\"-webkit-text-stroke-width:0px;background-color:rgb(255, 255, 255);box-sizing:border-box;color:rgb(34, 34, 34);font-family:Inter;font-size:15px;font-style:normal;font-variant-caps:normal;font-variant-ligatures:normal;font-weight:400;letter-spacing:normal;margin:0px auto 26px;orphans:2;overflow-wrap:break-word;text-align:start;text-decoration-color:initial;text-decoration-style:initial;text-decoration-thickness:initial;text-indent:0px;text-transform:none;white-space:normal;widows:2;word-spacing:0px;\">Meskipun sebagian besar berada di Kabupaten Probolinggo, Gunung Bromo dapat diakses dengan mudah dari Malang. Panorama matahari terbit di Bromo adalah daya tarik utamanya.</p><h3 class=\"wp-block-heading\" style=\"-webkit-text-stroke-width:0px;background-color:rgb(255, 255, 255);box-sizing:border-box;color:rgb(17, 17, 17);font-family:Roboto, sans-serif;font-size:22px;font-style:normal;font-variant-caps:normal;font-variant-ligatures:normal;font-weight:400;letter-spacing:normal;line-height:30px;margin:27px auto 17px;orphans:2;text-align:start;text-decoration-color:initial;text-decoration-style:initial;text-decoration-thickness:initial;text-indent:0px;text-transform:none;white-space:normal;widows:2;word-spacing:0px;\"><span style=\"box-sizing:border-box;\" id=\"3_Pantai_Balekambang\">3. Pantai Balekambang</span></h3><p style=\"-webkit-text-stroke-width:0px;background-color:rgb(255, 255, 255);box-sizing:border-box;color:rgb(34, 34, 34);font-family:Inter;font-size:15px;font-style:normal;font-variant-caps:normal;font-variant-ligatures:normal;font-weight:400;letter-spacing:normal;margin:0px auto 26px;orphans:2;overflow-wrap:break-word;text-align:start;text-decoration-color:initial;text-decoration-style:initial;text-decoration-thickness:initial;text-indent:0px;text-transform:none;white-space:normal;widows:2;word-spacing:0px;\">Pantai ini sering disebut sebagai “Tanah Lot-nya Jawa Timur” karena memiliki pura yang berdiri di atas pulau kecil. Pantai Balekambang sangat cocok untuk menikmati pemandangan matahari terbenam.</p><h3 class=\"wp-block-heading\" style=\"-webkit-text-stroke-width:0px;background-color:rgb(255, 255, 255);box-sizing:border-box;color:rgb(17, 17, 17);font-family:Roboto, sans-serif;font-size:22px;font-style:normal;font-variant-caps:normal;font-variant-ligatures:normal;font-weight:400;letter-spacing:normal;line-height:30px;margin:27px auto 17px;orphans:2;text-align:start;text-decoration-color:initial;text-decoration-style:initial;text-decoration-thickness:initial;text-indent:0px;text-transform:none;white-space:normal;widows:2;word-spacing:0px;\"><span style=\"box-sizing:border-box;\" id=\"4_Coban_Talun\">4. Coban Talun</span></h3><p style=\"-webkit-text-stroke-width:0px;background-color:rgb(255, 255, 255);box-sizing:border-box;color:rgb(34, 34, 34);font-family:Inter;font-size:15px;font-style:normal;font-variant-caps:normal;font-variant-ligatures:normal;font-weight:400;letter-spacing:normal;margin:0px auto 26px;orphans:2;overflow-wrap:break-word;text-align:start;text-decoration-color:initial;text-decoration-style:initial;text-decoration-thickness:initial;text-indent:0px;text-transform:none;white-space:normal;widows:2;word-spacing:0px;\">Air terjun ini populer di kalangan pecinta alam dan fotografi. Selain itu, Coban Talun juga memiliki area <em style=\"box-sizing:border-box;\"><i>glamping </i></em>dan taman bunga yang menambah daya tariknya.</p><h3 class=\"wp-block-heading\" style=\"-webkit-text-stroke-width:0px;background-color:rgb(255, 255, 255);box-sizing:border-box;color:rgb(17, 17, 17);font-family:Roboto, sans-serif;font-size:22px;font-style:normal;font-variant-caps:normal;font-variant-ligatures:normal;font-weight:400;letter-spacing:normal;line-height:30px;margin:27px auto 17px;orphans:2;text-align:start;text-decoration-color:initial;text-decoration-style:initial;text-decoration-thickness:initial;text-indent:0px;text-transform:none;white-space:normal;widows:2;word-spacing:0px;\"><span style=\"box-sizing:border-box;\" id=\"5_Taman_Nasional_Bromo_Tengger_Semeru\">5. Taman Nasional Bromo Tengger Semeru</span></h3><p style=\"-webkit-text-stroke-width:0px;background-color:rgb(255, 255, 255);box-sizing:border-box;color:rgb(34, 34, 34);font-family:Inter;font-size:15px;font-style:normal;font-variant-caps:normal;font-variant-ligatures:normal;font-weight:400;letter-spacing:normal;margin:0px auto 26px;orphans:2;overflow-wrap:break-word;text-align:start;text-decoration-color:initial;text-decoration-style:initial;text-decoration-thickness:initial;text-indent:0px;text-transform:none;white-space:normal;widows:2;word-spacing:0px;\">Area ini adalah rumah bagi Gunung Semeru, gunung tertinggi di Jawa. Pendakian Gunung Semeru menawarkan pemandangan yang spektakuler, termasuk Ranu Kumbolo, sebuah danau cantik yang sering dijadikan tempat bermalam oleh pendaki.</p><h3 class=\"wp-block-heading\" style=\"-webkit-text-stroke-width:0px;background-color:rgb(255, 255, 255);box-sizing:border-box;color:rgb(17, 17, 17);font-family:Roboto, sans-serif;font-size:22px;font-style:normal;font-variant-caps:normal;font-variant-ligatures:normal;font-weight:400;letter-spacing:normal;line-height:30px;margin:27px auto 17px;orphans:2;text-align:start;text-decoration-color:initial;text-decoration-style:initial;text-decoration-thickness:initial;text-indent:0px;text-transform:none;white-space:normal;widows:2;word-spacing:0px;\"><span style=\"box-sizing:border-box;\" id=\"6_Pantai_Tiga_Warna\">6. Pantai Tiga Warna</span></h3><p style=\"-webkit-text-stroke-width:0px;background-color:rgb(255, 255, 255);box-sizing:border-box;color:rgb(34, 34, 34);font-family:Inter;font-size:15px;font-style:normal;font-variant-caps:normal;font-variant-ligatures:normal;font-weight:400;letter-spacing:normal;margin:0px auto 26px;orphans:2;overflow-wrap:break-word;text-align:start;text-decoration-color:initial;text-decoration-style:initial;text-decoration-thickness:initial;text-indent:0px;text-transform:none;white-space:normal;widows:2;word-spacing:0px;\">Pantai ini terkenal dengan gradasi warna air lautnya yang memukau. Selain itu, Pantai Tiga Warna juga menawarkan <em style=\"box-sizing:border-box;\"><i>snorkeling </i></em>untuk melihat keindahan bawah lautnya.</p><h3 class=\"wp-block-heading\" style=\"-webkit-text-stroke-width:0px;background-color:rgb(255, 255, 255);box-sizing:border-box;color:rgb(17, 17, 17);font-family:Roboto, sans-serif;font-size:22px;font-style:normal;font-variant-caps:normal;font-variant-ligatures:normal;font-weight:400;letter-spacing:normal;line-height:30px;margin:27px auto 17px;orphans:2;text-align:start;text-decoration-color:initial;text-decoration-style:initial;text-decoration-thickness:initial;text-indent:0px;text-transform:none;white-space:normal;widows:2;word-spacing:0px;\"><span style=\"box-sizing:border-box;\" id=\"7_Bukit_Teletubbies\">7. Bukit Teletubbies</span></h3><p style=\"-webkit-text-stroke-width:0px;background-color:rgb(255, 255, 255);box-sizing:border-box;color:rgb(34, 34, 34);font-family:Inter;font-size:15px;font-style:normal;font-variant-caps:normal;font-variant-ligatures:normal;font-weight:400;letter-spacing:normal;margin:0px auto 26px;orphans:2;overflow-wrap:break-word;text-align:start;text-decoration-color:initial;text-decoration-style:initial;text-decoration-thickness:initial;text-indent:0px;text-transform:none;white-space:normal;widows:2;word-spacing:0px;\">Terletak di area Bromo, bukit ini menawarkan pemandangan perbukitan hijau yang menyerupai latar belakang acara Teletubbies.</p><h3 class=\"wp-block-heading\" style=\"-webkit-text-stroke-width:0px;background-color:rgb(255, 255, 255);box-sizing:border-box;color:rgb(17, 17, 17);font-family:Roboto, sans-serif;font-size:22px;font-style:normal;font-variant-caps:normal;font-variant-ligatures:normal;font-weight:400;letter-spacing:normal;line-height:30px;margin:27px auto 17px;orphans:2;text-align:start;text-decoration-color:initial;text-decoration-style:initial;text-decoration-thickness:initial;text-indent:0px;text-transform:none;white-space:normal;widows:2;word-spacing:0px;\"><span style=\"box-sizing:border-box;\" id=\"8_Kampung_Warna-Warni_Jodipan\">8. Kampung Warna-Warni Jodipan</span></h3><p style=\"-webkit-text-stroke-width:0px;background-color:rgb(255, 255, 255);box-sizing:border-box;color:rgb(34, 34, 34);font-family:Inter;font-size:15px;font-style:normal;font-variant-caps:normal;font-variant-ligatures:normal;font-weight:400;letter-spacing:normal;margin:0px auto 26px;orphans:2;overflow-wrap:break-word;text-align:start;text-decoration-color:initial;text-decoration-style:initial;text-decoration-thickness:initial;text-indent:0px;text-transform:none;white-space:normal;widows:2;word-spacing:0px;\">Meskipun lebih dikenal sebagai destinasi urban, Jodipan juga menawarkan pemandangan sungai yang dihiasi rumah-rumah berwarna cerah. Lokasi ini cocok untuk Eigerian yang suka fotografi.</p><h3 class=\"wp-block-heading\" style=\"-webkit-text-stroke-width:0px;background-color:rgb(255, 255, 255);box-sizing:border-box;color:rgb(17, 17, 17);font-family:Roboto, sans-serif;font-size:22px;font-style:normal;font-variant-caps:normal;font-variant-ligatures:normal;font-weight:400;letter-spacing:normal;line-height:30px;margin:27px auto 17px;orphans:2;text-align:start;text-decoration-color:initial;text-decoration-style:initial;text-decoration-thickness:initial;text-indent:0px;text-transform:none;white-space:normal;widows:2;word-spacing:0px;\"><span style=\"box-sizing:border-box;\" id=\"9_Coban_Sewu\">9. Coban Sewu</span></h3><p style=\"-webkit-text-stroke-width:0px;background-color:rgb(255, 255, 255);box-sizing:border-box;color:rgb(34, 34, 34);font-family:Inter;font-size:15px;font-style:normal;font-variant-caps:normal;font-variant-ligatures:normal;font-weight:400;letter-spacing:normal;margin:0px auto 26px;orphans:2;overflow-wrap:break-word;text-align:start;text-decoration-color:initial;text-decoration-style:initial;text-decoration-thickness:initial;text-indent:0px;text-transform:none;white-space:normal;widows:2;word-spacing:0px;\">Dikenal sebagai “Niagaranya Indonesia”, Coban Sewu menawarkan keindahan air terjun yang megah dengan puluhan aliran air.</p><h3 class=\"wp-block-heading\" style=\"-webkit-text-stroke-width:0px;background-color:rgb(255, 255, 255);box-sizing:border-box;color:rgb(17, 17, 17);font-family:Roboto, sans-serif;font-size:22px;font-style:normal;font-variant-caps:normal;font-variant-ligatures:normal;font-weight:400;letter-spacing:normal;line-height:30px;margin:27px auto 17px;orphans:2;text-align:start;text-decoration-color:initial;text-decoration-style:initial;text-decoration-thickness:initial;text-indent:0px;text-transform:none;white-space:normal;widows:2;word-spacing:0px;\"><span style=\"box-sizing:border-box;\" id=\"10_Sumber_Sirah\">10. Sumber Sirah</span></h3><p style=\"-webkit-text-stroke-width:0px;background-color:rgb(255, 255, 255);box-sizing:border-box;color:rgb(34, 34, 34);font-family:Inter;font-size:15px;font-style:normal;font-variant-caps:normal;font-variant-ligatures:normal;font-weight:400;letter-spacing:normal;margin:0px auto 26px;orphans:2;overflow-wrap:break-word;text-align:start;text-decoration-color:initial;text-decoration-style:initial;text-decoration-thickness:initial;text-indent:0px;text-transform:none;white-space:normal;widows:2;word-spacing:0px;\">Sumber mata air ini memiliki air yang sangat jernih, cocok untuk berenang atau <em style=\"box-sizing:border-box;\"><i>snorkeling</i></em>. Eigerian juga bisa menikmati suasana pedesaan yang tenang di sekitarnya.</p><h2 class=\"wp-block-heading\" style=\"-webkit-text-stroke-width:0px;background-color:rgb(255, 255, 255);box-sizing:border-box;color:rgb(17, 17, 17);font-family:Roboto, sans-serif;font-size:27px;font-style:normal;font-variant-caps:normal;font-variant-ligatures:normal;font-weight:400;letter-spacing:normal;line-height:38px;margin:30px auto 20px;orphans:2;text-align:start;text-decoration-color:initial;text-decoration-style:initial;text-decoration-thickness:initial;text-indent:0px;text-transform:none;white-space:normal;widows:2;word-spacing:0px;\"><span style=\"box-sizing:border-box;\" id=\"Mengapa_Memilih_Malang_sebagai_Tujuan_Liburan\">Mengapa Memilih Malang sebagai Tujuan Liburan?</span></h2><p style=\"-webkit-text-stroke-width:0px;background-color:rgb(255, 255, 255);box-sizing:border-box;color:rgb(34, 34, 34);font-family:Inter;font-size:15px;font-style:normal;font-variant-caps:normal;font-variant-ligatures:normal;font-weight:400;letter-spacing:normal;margin:0px auto 26px;orphans:2;overflow-wrap:break-word;text-align:start;text-decoration-color:initial;text-decoration-style:initial;text-decoration-thickness:initial;text-indent:0px;text-transform:none;white-space:normal;widows:2;word-spacing:0px;\">Malang dianggap sebagai salah satu destinasi liburan terbaik di Indonesia karena menawarkan kombinasi pemandangan alam yang memukau, budaya yang kaya, dan suasana kota yang nyaman. Sederet alasan mengapa Malang layak menjadi tujuan liburan, adalah sebagai berikut:</p><ul class=\"wp-block-list\" style=\"-webkit-text-stroke-width:0px;background-color:rgb(255, 255, 255);box-sizing:border-box;color:rgb(34, 34, 34);font-family:Inter;font-size:15px;font-style:normal;font-variant-caps:normal;font-variant-ligatures:normal;font-weight:400;letter-spacing:normal;margin-bottom:26px;margin-right:auto;orphans:2;padding:0px;text-align:start;text-decoration-color:initial;text-decoration-style:initial;text-decoration-thickness:initial;text-indent:0px;text-transform:none;white-space:normal;widows:2;word-spacing:0px;\"><li style=\"box-sizing:border-box;line-height:inherit;margin-bottom:10px;\"><p style=\"margin-left:auto;\"><strong style=\"box-sizing:border-box;\">Keanekaragaman Wisata</strong>: Malang memiliki kombinasi lengkap antara wisata pegunungan, pantai, air terjun, hingga destinasi urban yang unik.</p></li><li style=\"box-sizing:border-box;line-height:inherit;margin-bottom:10px;\"><p style=\"margin-left:auto;\"><strong style=\"box-sizing:border-box;\">Akses yang Mudah</strong>: Malang memiliki bandara, stasiun kereta api, dan terminal bus yang memudahkan wisatawan dari berbagai daerah untuk berkunjung.</p></li><li style=\"box-sizing:border-box;line-height:inherit;margin-bottom:10px;\"><p style=\"margin-left:auto;\"><strong style=\"box-sizing:border-box;\">Udara yang Sejuk</strong>: Dikelilingi pegunungan, udara di Malang cenderung lebih sejuk dibandingkan kota-kota lain di Jawa Timur, membuatnya nyaman untuk dikunjungi kapan saja.</p></li><li style=\"box-sizing:border-box;line-height:inherit;margin-bottom:10px;\"><p style=\"margin-left:auto;\"><strong style=\"box-sizing:border-box;\">Biaya yang Terjangkau</strong>: Dari akomodasi hingga makanan, Malang menawarkan pilihan dengan harga yang relatif ramah di kantong.</p></li><li style=\"box-sizing:border-box;line-height:inherit;margin-bottom:0px;\"><p style=\"margin-left:auto;\"><strong style=\"box-sizing:border-box;\">Kuliner yang Lezat</strong>: Selain wisata alam, Malang juga dikenal dengan aneka kuliner khasnya, seperti bakso Malang, cwie mie, dan pia mangkok.</p></li></ul>', 'img_6847859ed69660.50876904.webp'),
(9, '2025-06-10', 'Daya Tarik Monas, Monumen di Jakarta yang Ikonik', '<p style=\"-webkit-text-stroke-width:0px;background-color:rgb(255, 255, 255);box-sizing:border-box;color:rgb(51, 51, 51);font-family:Figtree;font-size:20px;font-style:normal;font-variant-caps:normal;font-variant-ligatures:normal;font-weight:400;letter-spacing:normal;line-height:32px;margin:5px 0px 15px;orphans:2;text-align:start;text-decoration-color:initial;text-decoration-style:initial;text-decoration-thickness:initial;text-indent:0px;text-transform:none;white-space:normal;widows:2;word-spacing:0px;\">Kalau kita jalan-jalan ke <a style=\"box-sizing:border-box;color:rgb(41, 110, 187) !important;outline:0px;vertical-align:top;\" href=\"https://indonesiakaya.com/indonesia-kaya-tv/paras-cantik-indonesia-episode-3-siti-soraya-cassandra-jakarta-indonesia-kaya-webseries/\" target=\"_blank\" rel=\"noopener\"><u>Jakarta</u></a>, tak lengkap jika belum mengunjungi kawasan Monas. Monas atau Monumen Nasional memang menjadi ikon <a style=\"box-sizing:border-box;color:rgb(41, 110, 187) !important;outline:0px;vertical-align:top;\" href=\"https://indonesiakaya.com/pustaka-indonesia/patung-patung-jakarta/\"><u>Kota Jakarta</u></a>. Letaknya yang berada di pusat kota menjadikan monumen ini sebagai tempat <a style=\"box-sizing:border-box;color:rgb(41, 110, 187) !important;outline:0px;vertical-align:top;\" href=\"https://indonesiakaya.com/pustaka-indonesia/menikmati-rindangnya-pepohonan-di-taman-agrowisata-cilangkap/\"><u>wisata</u></a> yang banyak dikunjungi wisatawan.</p><p style=\"-webkit-text-stroke-width:0px;background-color:rgb(255, 255, 255);box-sizing:border-box;color:rgb(51, 51, 51);font-family:Figtree;font-size:20px;font-style:normal;font-variant-caps:normal;font-variant-ligatures:normal;font-weight:400;letter-spacing:normal;line-height:32px;margin:5px 0px 15px;orphans:2;text-align:start;text-decoration-color:initial;text-decoration-style:initial;text-decoration-thickness:initial;text-indent:0px;text-transform:none;white-space:normal;widows:2;word-spacing:0px;\">Monas adalah sebuah monumen yang dibangun pada 1959 untuk mengenang jasa rakyat yang telah berjuang melawan penjajah Belanda dalam meraih kemerdekaan. Monumen yang mempunyai luas sekitar 80 hektare ini merupakan monumen bersejarah yang menjadi kebanggaan warga Jakarta.</p><p style=\"-webkit-text-stroke-width:0px;background-color:rgb(255, 255, 255);box-sizing:border-box;color:rgb(51, 51, 51);font-family:Figtree;font-size:20px;font-style:normal;font-variant-caps:normal;font-variant-ligatures:normal;font-weight:400;letter-spacing:normal;line-height:32px;margin:5px 0px 15px;orphans:2;text-align:start;text-decoration-color:initial;text-decoration-style:initial;text-decoration-thickness:initial;text-indent:0px;text-transform:none;white-space:normal;widows:2;word-spacing:0px;\">Selain bentuknya yang unik, daya tarik Monas juga terletak pada lapisan emas yang melapisi puncak monumen ini. Lapisan emas seberat 35 kg ini menjadi keistimewaan tersendiri bagi monumen yang terletak di Jalan Medan Merdeka ini.</p><p style=\"-webkit-text-stroke-width:0px;background-color:rgb(255, 255, 255);box-sizing:border-box;color:rgb(51, 51, 51);font-family:Figtree;font-size:20px;font-style:normal;font-variant-caps:normal;font-variant-ligatures:normal;font-weight:400;letter-spacing:normal;line-height:32px;margin:5px 0px 15px;orphans:2;text-align:start;text-decoration-color:initial;text-decoration-style:initial;text-decoration-thickness:initial;text-indent:0px;text-transform:none;white-space:normal;widows:2;word-spacing:0px;\">Monas yang selalu ramai dikunjungi wisatawan asing maupun domestik ini juga menyajikan pemandangan Kota Jakarta yang bisa dilihat dari atas pelataran puncak Monas. Selain itu, tersedia pula kendaraan khusus bagi wisatawan yang ingin berkeliling di kawasan Monas.</p>', 'img_68478650d2f003.12991749.jpeg');
INSERT INTO `article` (`id`, `date`, `title`, `content`, `picture`) VALUES
(10, '2025-06-10', 'Libur Lebaran 2025 di Taman Safari Bogor, Cek HTM dan Cara Berkunjung!', '<p style=\"-webkit-text-stroke-width:0px;background-color:rgb(255, 255, 255);box-sizing:border-box;color:rgb(0, 0, 0);display:inline;font-family:Helvetica-FF, Arial, Tahoma, sans-serif;font-size:16px;font-style:normal;font-variant-caps:normal;font-variant-ligatures:normal;font-weight:400;letter-spacing:normal;margin-bottom:16px;margin-top:0px;orphans:2;text-align:start;text-decoration-color:initial;text-decoration-style:initial;text-decoration-thickness:initial;text-indent:0px;text-transform:none;white-space:normal;widows:2;word-spacing:0px;\"><a style=\"background-color:transparent;box-sizing:border-box;color:rgb(33, 64, 154);outline:0px;transition:color 0.3s ease-in-out, background 0.3s ease-in-out, opacity 0.3s ease-in-out;\" href=\"https://www.detik.com/tag/taman-safari-bogor\"><strong><u>Taman Safari Bogor</u></strong></a> menjadi salah satu destinasi wisata yang tak luput dari kunjungan warga dan wisatawan pada masa <a style=\"background-color:transparent;box-sizing:border-box;color:rgb(33, 64, 154);text-decoration:none;transition:color 0.3s ease-in-out, background 0.3s ease-in-out, opacity 0.3s ease-in-out;\" href=\"https://www.detik.com/tag/libur-lebaran-2025\"><strong>libur Lebaran 2025</strong></a>. Selama high season ini, Taman Safari Bogor menerapkan harga spesial yang berlaku sampai 6 April 2025.</p><p style=\"-webkit-text-stroke-width:0px;background-color:rgb(255, 255, 255);box-sizing:border-box;color:rgb(0, 0, 0);font-family:Helvetica-FF, Arial, Tahoma, sans-serif;font-size:16px;font-style:normal;font-variant-caps:normal;font-variant-ligatures:normal;font-weight:400;letter-spacing:normal;margin-bottom:16px;margin-top:16px;orphans:2;text-align:start;text-decoration-color:initial;text-decoration-style:initial;text-decoration-thickness:initial;text-indent:0px;text-transform:none;white-space:normal;widows:2;word-spacing:0px;\">Bagi kamu beserta rombongan keluarga atau sahabat yang ingin menghabiskan waktu libur panjang Lebaran 2025 ini dengan berkunjung ke Taman Safari Bogor, sebaiknya cek terlebih dahulu harga tiket masuk (HTM) yang berlaku dan cara berkunjungnya.</p><p style=\"-webkit-text-stroke-width:0px;background-color:rgb(255, 255, 255);box-sizing:border-box;color:rgb(0, 0, 0);font-family:Helvetica-FF, Arial, Tahoma, sans-serif;font-size:16px;font-style:normal;font-variant-caps:normal;font-variant-ligatures:normal;font-weight:400;letter-spacing:normal;margin-bottom:16px;margin-top:16px;orphans:2;text-align:start;text-decoration-color:initial;text-decoration-style:initial;text-decoration-thickness:initial;text-indent:0px;text-transform:none;white-space:normal;widows:2;word-spacing:0px;\"><br><strong>Harga Tiket Masuk Taman Safari Bogor</strong></p><p style=\"-webkit-text-stroke-width:0px;background-color:rgb(255, 255, 255);box-sizing:border-box;color:rgb(0, 0, 0);font-family:Helvetica-FF, Arial, Tahoma, sans-serif;font-size:16px;font-style:normal;font-variant-caps:normal;font-variant-ligatures:normal;font-weight:400;letter-spacing:normal;margin-bottom:16px;margin-top:0px;orphans:2;text-align:start;text-decoration-color:initial;text-decoration-style:initial;text-decoration-thickness:initial;text-indent:0px;text-transform:none;white-space:normal;widows:2;word-spacing:0px;\">Berikut ini informasi harga tiket masuk Taman Safari Bogor yang berlaku saat libur Lebaran 2025:</p><ul><li><p style=\"-webkit-text-stroke-width:0px;background-color:rgb(255, 255, 255);box-sizing:border-box;color:rgb(0, 0, 0);font-family:Helvetica-FF, Arial, Tahoma, sans-serif;font-size:16px;font-style:normal;font-variant-caps:normal;font-variant-ligatures:normal;font-weight:400;letter-spacing:normal;margin-bottom:16px;margin-top:0px;orphans:2;text-align:start;text-decoration-color:initial;text-decoration-style:initial;text-decoration-thickness:initial;text-indent:0px;text-transform:none;white-space:normal;widows:2;word-spacing:0px;\"><span style=\"background-color:rgb(255,255,255);color:rgb(0,0,0);font-family:Helvetica-FF, Arial, Tahoma, sans-serif;font-size:16px;\"><span style=\"-webkit-text-stroke-width:0px;display:inline !important;float:none;font-style:normal;font-variant-caps:normal;font-variant-ligatures:normal;font-weight:400;letter-spacing:normal;orphans:2;text-align:start;text-decoration-color:initial;text-decoration-style:initial;text-decoration-thickness:initial;text-indent:0px;text-transform:none;white-space:normal;widows:2;word-spacing:0px;\">Harga Tiket Masuk Domestik</span></span><br><span style=\"background-color:rgb(255,255,255);color:rgb(0,0,0);font-family:Helvetica-FF, Arial, Tahoma, sans-serif;font-size:16px;\"><span style=\"-webkit-text-stroke-width:0px;display:inline !important;float:none;font-style:normal;font-variant-caps:normal;font-variant-ligatures:normal;font-weight:400;letter-spacing:normal;orphans:2;text-align:start;text-decoration-color:initial;text-decoration-style:initial;text-decoration-thickness:initial;text-indent:0px;text-transform:none;white-space:normal;widows:2;word-spacing:0px;\">Dewasa: Rp270.000 (Premium Safari Siang+Panda)</span></span><br><span style=\"background-color:rgb(255,255,255);color:rgb(0,0,0);font-family:Helvetica-FF, Arial, Tahoma, sans-serif;font-size:16px;\"><span style=\"-webkit-text-stroke-width:0px;display:inline !important;float:none;font-style:normal;font-variant-caps:normal;font-variant-ligatures:normal;font-weight:400;letter-spacing:normal;orphans:2;text-align:start;text-decoration-color:initial;text-decoration-style:initial;text-decoration-thickness:initial;text-indent:0px;text-transform:none;white-space:normal;widows:2;word-spacing:0px;\">Anak 1-5 Tahun: Rp230.000 (Premium Safari Siang+Panda)</span></span></p></li><li><p style=\"-webkit-text-stroke-width:0px;background-color:rgb(255, 255, 255);box-sizing:border-box;color:rgb(0, 0, 0);font-family:Helvetica-FF, Arial, Tahoma, sans-serif;font-size:16px;font-style:normal;font-variant-caps:normal;font-variant-ligatures:normal;font-weight:400;letter-spacing:normal;margin-bottom:16px;margin-top:0px;orphans:2;text-align:start;text-decoration-color:initial;text-decoration-style:initial;text-decoration-thickness:initial;text-indent:0px;text-transform:none;white-space:normal;widows:2;word-spacing:0px;\"><span style=\"background-color:rgb(255,255,255);color:rgb(0,0,0);font-family:Helvetica-FF, Arial, Tahoma, sans-serif;font-size:16px;\"><span style=\"-webkit-text-stroke-width:0px;display:inline !important;float:none;font-style:normal;font-variant-caps:normal;font-variant-ligatures:normal;font-weight:400;letter-spacing:normal;orphans:2;text-align:start;text-decoration-color:initial;text-decoration-style:initial;text-decoration-thickness:initial;text-indent:0px;text-transform:none;white-space:normal;widows:2;word-spacing:0px;\">Fasilitas: Safari Journey, Istana Panda, ±24 jam Wahana Permainan, 7 Exhibit Satwa, Air Terjun &amp; Presentasi Edukasi Satwa/Pertunjukan</span></span></p></li><li><p style=\"-webkit-text-stroke-width:0px;background-color:rgb(255, 255, 255);box-sizing:border-box;color:rgb(0, 0, 0);font-family:Helvetica-FF, Arial, Tahoma, sans-serif;font-size:16px;font-style:normal;font-variant-caps:normal;font-variant-ligatures:normal;font-weight:400;letter-spacing:normal;margin-bottom:16px;margin-top:0px;orphans:2;text-align:start;text-decoration-color:initial;text-decoration-style:initial;text-decoration-thickness:initial;text-indent:0px;text-transform:none;white-space:normal;widows:2;word-spacing:0px;\"><span style=\"background-color:rgb(255,255,255);color:rgb(0,0,0);font-family:Helvetica-FF, Arial, Tahoma, sans-serif;font-size:16px;\"><span style=\"-webkit-text-stroke-width:0px;display:inline !important;float:none;font-style:normal;font-variant-caps:normal;font-variant-ligatures:normal;font-weight:400;letter-spacing:normal;orphans:2;text-align:start;text-decoration-color:initial;text-decoration-style:initial;text-decoration-thickness:initial;text-indent:0px;text-transform:none;white-space:normal;widows:2;word-spacing:0px;\">Harga Tiket Masuk Internasional</span></span><br><span style=\"background-color:rgb(255,255,255);color:rgb(0,0,0);font-family:Helvetica-FF, Arial, Tahoma, sans-serif;font-size:16px;\"><span style=\"-webkit-text-stroke-width:0px;display:inline !important;float:none;font-style:normal;font-variant-caps:normal;font-variant-ligatures:normal;font-weight:400;letter-spacing:normal;orphans:2;text-align:start;text-decoration-color:initial;text-decoration-style:initial;text-decoration-thickness:initial;text-indent:0px;text-transform:none;white-space:normal;widows:2;word-spacing:0px;\">Dewasa: Rp450.000 (Premium Safari Siang+Panda)</span></span><br><span style=\"background-color:rgb(255,255,255);color:rgb(0,0,0);font-family:Helvetica-FF, Arial, Tahoma, sans-serif;font-size:16px;\"><span style=\"-webkit-text-stroke-width:0px;display:inline !important;float:none;font-style:normal;font-variant-caps:normal;font-variant-ligatures:normal;font-weight:400;letter-spacing:normal;orphans:2;text-align:start;text-decoration-color:initial;text-decoration-style:initial;text-decoration-thickness:initial;text-indent:0px;text-transform:none;white-space:normal;widows:2;word-spacing:0px;\">Anak 1-5 Tahun: Rp400.000 (Premium Safari Siang+Panda)</span></span></p></li><li><p style=\"-webkit-text-stroke-width:0px;background-color:rgb(255, 255, 255);box-sizing:border-box;color:rgb(0, 0, 0);font-family:Helvetica-FF, Arial, Tahoma, sans-serif;font-size:16px;font-style:normal;font-variant-caps:normal;font-variant-ligatures:normal;font-weight:400;letter-spacing:normal;margin-bottom:16px;margin-top:0px;orphans:2;text-align:start;text-decoration-color:initial;text-decoration-style:initial;text-decoration-thickness:initial;text-indent:0px;text-transform:none;white-space:normal;widows:2;word-spacing:0px;\"><span style=\"background-color:rgb(255,255,255);color:rgb(0,0,0);font-family:Helvetica-FF, Arial, Tahoma, sans-serif;font-size:16px;\"><span style=\"-webkit-text-stroke-width:0px;display:inline !important;float:none;font-style:normal;font-variant-caps:normal;font-variant-ligatures:normal;font-weight:400;letter-spacing:normal;orphans:2;text-align:start;text-decoration-color:initial;text-decoration-style:initial;text-decoration-thickness:initial;text-indent:0px;text-transform:none;white-space:normal;widows:2;word-spacing:0px;\">Fasilitas: Safari Journey, Istana Panda, ±24 jam Wahana Permainan, 7 Exhibit Satwa, Air Terjun &amp; Presentasi Edukasi Satwa/Pertunjukan, Waterpark, Kereta Wisata</span></span><br><span style=\"background-color:rgb(255,255,255);color:rgb(0,0,0);font-family:Helvetica-FF, Arial, Tahoma, sans-serif;font-size:16px;\"><span style=\"-webkit-text-stroke-width:0px;display:inline !important;float:none;font-style:normal;font-variant-caps:normal;font-variant-ligatures:normal;font-weight:400;letter-spacing:normal;orphans:2;text-align:start;text-decoration-color:initial;text-decoration-style:initial;text-decoration-thickness:initial;text-indent:0px;text-transform:none;white-space:normal;widows:2;word-spacing:0px;\">Cara Berkunjung di Taman Safari Bogor</span></span></p></li></ul><p style=\"-webkit-text-stroke-width:0px;background-color:rgb(255, 255, 255);box-sizing:border-box;color:rgb(0, 0, 0);font-family:Helvetica-FF, Arial, Tahoma, sans-serif;font-size:16px;font-style:normal;font-variant-caps:normal;font-variant-ligatures:normal;font-weight:400;letter-spacing:normal;margin-bottom:16px;margin-top:0px;orphans:2;text-align:start;text-decoration-color:initial;text-decoration-style:initial;text-decoration-thickness:initial;text-indent:0px;text-transform:none;white-space:normal;widows:2;word-spacing:0px;\"><span style=\"background-color:rgb(255,255,255);color:rgb(0,0,0);font-family:Helvetica-FF, Arial, Tahoma, sans-serif;font-size:16px;\"><span style=\"-webkit-text-stroke-width:0px;display:inline !important;float:none;font-style:normal;font-variant-caps:normal;font-variant-ligatures:normal;font-weight:400;letter-spacing:normal;orphans:2;text-align:start;text-decoration-color:initial;text-decoration-style:initial;text-decoration-thickness:initial;text-indent:0px;text-transform:none;white-space:normal;widows:2;word-spacing:0px;\">Berikut ini panduan cara memesan tiket masuk Taman Safari Bogor secara online maupun offline:</span></span></p><p style=\"-webkit-text-stroke-width:0px;background-color:rgb(255, 255, 255);box-sizing:border-box;color:rgb(0, 0, 0);font-family:Helvetica-FF, Arial, Tahoma, sans-serif;font-size:16px;font-style:normal;font-variant-caps:normal;font-variant-ligatures:normal;font-weight:400;letter-spacing:normal;margin-bottom:16px;margin-top:0px;orphans:2;text-align:start;text-decoration-color:initial;text-decoration-style:initial;text-decoration-thickness:initial;text-indent:0px;text-transform:none;white-space:normal;widows:2;word-spacing:0px;\"><span style=\"background-color:rgb(255,255,255);color:rgb(0,0,0);font-family:Helvetica-FF, Arial, Tahoma, sans-serif;font-size:16px;\"><span style=\"-webkit-text-stroke-width:0px;display:inline !important;float:none;font-style:normal;font-variant-caps:normal;font-variant-ligatures:normal;font-weight:400;letter-spacing:normal;orphans:2;text-align:start;text-decoration-color:initial;text-decoration-style:initial;text-decoration-thickness:initial;text-indent:0px;text-transform:none;white-space:normal;widows:2;word-spacing:0px;\"><strong>Pemesanan Tiket Secara Online</strong></span></span></p><ol><li><p style=\"-webkit-text-stroke-width:0px;background-color:rgb(255, 255, 255);box-sizing:border-box;color:rgb(0, 0, 0);font-family:Helvetica-FF, Arial, Tahoma, sans-serif;font-size:16px;font-style:normal;font-variant-caps:normal;font-variant-ligatures:normal;font-weight:400;letter-spacing:normal;margin-bottom:16px;margin-top:0px;orphans:2;text-align:start;text-decoration-color:initial;text-decoration-style:initial;text-decoration-thickness:initial;text-indent:0px;text-transform:none;white-space:normal;widows:2;word-spacing:0px;\"><span style=\"background-color:rgb(255,255,255);color:rgb(0,0,0);font-family:Helvetica-FF, Arial, Tahoma, sans-serif;font-size:16px;\"><span style=\"-webkit-text-stroke-width:0px;display:inline !important;float:none;font-style:normal;font-variant-caps:normal;font-variant-ligatures:normal;font-weight:400;letter-spacing:normal;orphans:2;text-align:start;text-decoration-color:initial;text-decoration-style:initial;text-decoration-thickness:initial;text-indent:0px;text-transform:none;white-space:normal;widows:2;word-spacing:0px;\">Buka situs </span></span><a href=\"https://tamansafari.com/taman-safari-bogor/booking/\"><span style=\"background-color:rgb(255,255,255);color:rgb(0,0,0);font-family:Helvetica-FF, Arial, Tahoma, sans-serif;font-size:16px;\"><span style=\"-webkit-text-stroke-width:0px;display:inline !important;float:none;font-style:normal;font-variant-caps:normal;font-variant-ligatures:normal;font-weight:400;letter-spacing:normal;orphans:2;text-align:start;text-decoration-color:initial;text-decoration-style:initial;text-decoration-thickness:initial;text-indent:0px;text-transform:none;white-space:normal;widows:2;word-spacing:0px;\">https://tamansafari.com/taman-safari-bogor/booking/</span></span></a></p></li><li><p style=\"-webkit-text-stroke-width:0px;background-color:rgb(255, 255, 255);box-sizing:border-box;color:rgb(0, 0, 0);font-family:Helvetica-FF, Arial, Tahoma, sans-serif;font-size:16px;font-style:normal;font-variant-caps:normal;font-variant-ligatures:normal;font-weight:400;letter-spacing:normal;margin-bottom:16px;margin-top:0px;orphans:2;text-align:start;text-decoration-color:initial;text-decoration-style:initial;text-decoration-thickness:initial;text-indent:0px;text-transform:none;white-space:normal;widows:2;word-spacing:0px;\"><span style=\"background-color:rgb(255,255,255);color:rgb(0,0,0);font-family:Helvetica-FF, Arial, Tahoma, sans-serif;font-size:16px;\"><span style=\"-webkit-text-stroke-width:0px;display:inline !important;float:none;font-style:normal;font-variant-caps:normal;font-variant-ligatures:normal;font-weight:400;letter-spacing:normal;orphans:2;text-align:start;text-decoration-color:initial;text-decoration-style:initial;text-decoration-thickness:initial;text-indent:0px;text-transform:none;white-space:normal;widows:2;word-spacing:0px;\">Pilih jenis pengunjung (domestik/internasional)</span></span></p></li><li><p style=\"-webkit-text-stroke-width:0px;background-color:rgb(255, 255, 255);box-sizing:border-box;color:rgb(0, 0, 0);font-family:Helvetica-FF, Arial, Tahoma, sans-serif;font-size:16px;font-style:normal;font-variant-caps:normal;font-variant-ligatures:normal;font-weight:400;letter-spacing:normal;margin-bottom:16px;margin-top:0px;orphans:2;text-align:start;text-decoration-color:initial;text-decoration-style:initial;text-decoration-thickness:initial;text-indent:0px;text-transform:none;white-space:normal;widows:2;word-spacing:0px;\"><span style=\"background-color:rgb(255,255,255);color:rgb(0,0,0);font-family:Helvetica-FF, Arial, Tahoma, sans-serif;font-size:16px;\"><span style=\"-webkit-text-stroke-width:0px;display:inline !important;float:none;font-style:normal;font-variant-caps:normal;font-variant-ligatures:normal;font-weight:400;letter-spacing:normal;orphans:2;text-align:start;text-decoration-color:initial;text-decoration-style:initial;text-decoration-thickness:initial;text-indent:0px;text-transform:none;white-space:normal;widows:2;word-spacing:0px;\">Pilih jenis tiket yang diinginkan dan tentukan tanggal kunjungan</span></span></p></li><li><p style=\"-webkit-text-stroke-width:0px;background-color:rgb(255, 255, 255);box-sizing:border-box;color:rgb(0, 0, 0);font-family:Helvetica-FF, Arial, Tahoma, sans-serif;font-size:16px;font-style:normal;font-variant-caps:normal;font-variant-ligatures:normal;font-weight:400;letter-spacing:normal;margin-bottom:16px;margin-top:0px;orphans:2;text-align:start;text-decoration-color:initial;text-decoration-style:initial;text-decoration-thickness:initial;text-indent:0px;text-transform:none;white-space:normal;widows:2;word-spacing:0px;\"><span style=\"background-color:rgb(255,255,255);color:rgb(0,0,0);font-family:Helvetica-FF, Arial, Tahoma, sans-serif;font-size:16px;\"><span style=\"-webkit-text-stroke-width:0px;display:inline !important;float:none;font-style:normal;font-variant-caps:normal;font-variant-ligatures:normal;font-weight:400;letter-spacing:normal;orphans:2;text-align:start;text-decoration-color:initial;text-decoration-style:initial;text-decoration-thickness:initial;text-indent:0px;text-transform:none;white-space:normal;widows:2;word-spacing:0px;\">Isi data diri sesuai dengan KTP atau identitas lain</span></span></p></li><li><p style=\"-webkit-text-stroke-width:0px;background-color:rgb(255, 255, 255);box-sizing:border-box;color:rgb(0, 0, 0);font-family:Helvetica-FF, Arial, Tahoma, sans-serif;font-size:16px;font-style:normal;font-variant-caps:normal;font-variant-ligatures:normal;font-weight:400;letter-spacing:normal;margin-bottom:16px;margin-top:0px;orphans:2;text-align:start;text-decoration-color:initial;text-decoration-style:initial;text-decoration-thickness:initial;text-indent:0px;text-transform:none;white-space:normal;widows:2;word-spacing:0px;\"><span style=\"background-color:rgb(255,255,255);color:rgb(0,0,0);font-family:Helvetica-FF, Arial, Tahoma, sans-serif;font-size:16px;\"><span style=\"-webkit-text-stroke-width:0px;display:inline !important;float:none;font-style:normal;font-variant-caps:normal;font-variant-ligatures:normal;font-weight:400;letter-spacing:normal;orphans:2;text-align:start;text-decoration-color:initial;text-decoration-style:initial;text-decoration-thickness:initial;text-indent:0px;text-transform:none;white-space:normal;widows:2;word-spacing:0px;\">Lakukan pembayaran melalui transfer bank, e-wallet, atau kartu kredit</span></span></p></li><li><p style=\"-webkit-text-stroke-width:0px;background-color:rgb(255, 255, 255);box-sizing:border-box;color:rgb(0, 0, 0);font-family:Helvetica-FF, Arial, Tahoma, sans-serif;font-size:16px;font-style:normal;font-variant-caps:normal;font-variant-ligatures:normal;font-weight:400;letter-spacing:normal;margin-bottom:16px;margin-top:0px;orphans:2;text-align:start;text-decoration-color:initial;text-decoration-style:initial;text-decoration-thickness:initial;text-indent:0px;text-transform:none;white-space:normal;widows:2;word-spacing:0px;\"><span style=\"background-color:rgb(255,255,255);color:rgb(0,0,0);font-family:Helvetica-FF, Arial, Tahoma, sans-serif;font-size:16px;\"><span style=\"-webkit-text-stroke-width:0px;display:inline !important;float:none;font-style:normal;font-variant-caps:normal;font-variant-ligatures:normal;font-weight:400;letter-spacing:normal;orphans:2;text-align:start;text-decoration-color:initial;text-decoration-style:initial;text-decoration-thickness:initial;text-indent:0px;text-transform:none;white-space:normal;widows:2;word-spacing:0px;\">Setelah pembayaran berhasil, e-ticket akan dikirim melalui email atau aplikasi.</span></span></p></li><li><p style=\"-webkit-text-stroke-width:0px;background-color:rgb(255, 255, 255);box-sizing:border-box;color:rgb(0, 0, 0);font-family:Helvetica-FF, Arial, Tahoma, sans-serif;font-size:16px;font-style:normal;font-variant-caps:normal;font-variant-ligatures:normal;font-weight:400;letter-spacing:normal;margin-bottom:16px;margin-top:0px;orphans:2;text-align:start;text-decoration-color:initial;text-decoration-style:initial;text-decoration-thickness:initial;text-indent:0px;text-transform:none;white-space:normal;widows:2;word-spacing:0px;\"><span style=\"background-color:rgb(255,255,255);color:rgb(0,0,0);font-family:Helvetica-FF, Arial, Tahoma, sans-serif;font-size:16px;\"><span style=\"-webkit-text-stroke-width:0px;display:inline !important;float:none;font-style:normal;font-variant-caps:normal;font-variant-ligatures:normal;font-weight:400;letter-spacing:normal;orphans:2;text-align:start;text-decoration-color:initial;text-decoration-style:initial;text-decoration-thickness:initial;text-indent:0px;text-transform:none;white-space:normal;widows:2;word-spacing:0px;\">Tunjukkan e-ticket di pintu masuk saat hari kunjungan.</span></span><br>&nbsp;</p></li></ol><p style=\"-webkit-text-stroke-width:0px;background-color:rgb(255, 255, 255);box-sizing:border-box;color:rgb(0, 0, 0);font-family:Helvetica-FF, Arial, Tahoma, sans-serif;font-size:16px;font-style:normal;font-variant-caps:normal;font-variant-ligatures:normal;font-weight:400;letter-spacing:normal;margin-bottom:16px;margin-top:0px;orphans:2;text-align:start;text-decoration-color:initial;text-decoration-style:initial;text-decoration-thickness:initial;text-indent:0px;text-transform:none;white-space:normal;widows:2;word-spacing:0px;\"><span style=\"background-color:rgb(255,255,255);color:rgb(0,0,0);font-family:Helvetica-FF, Arial, Tahoma, sans-serif;font-size:16px;\"><span style=\"-webkit-text-stroke-width:0px;display:inline !important;float:none;font-style:normal;font-variant-caps:normal;font-variant-ligatures:normal;font-weight:400;letter-spacing:normal;orphans:2;text-align:start;text-decoration-color:initial;text-decoration-style:initial;text-decoration-thickness:initial;text-indent:0px;text-transform:none;white-space:normal;widows:2;word-spacing:0px;\"><strong>Pembelian Tiket Secara Offline</strong></span></span><br>&nbsp;</p><ol><li><p style=\"-webkit-text-stroke-width:0px;background-color:rgb(255, 255, 255);box-sizing:border-box;color:rgb(0, 0, 0);font-family:Helvetica-FF, Arial, Tahoma, sans-serif;font-size:16px;font-style:normal;font-variant-caps:normal;font-variant-ligatures:normal;font-weight:400;letter-spacing:normal;margin-bottom:16px;margin-top:0px;orphans:2;text-align:start;text-decoration-color:initial;text-decoration-style:initial;text-decoration-thickness:initial;text-indent:0px;text-transform:none;white-space:normal;widows:2;word-spacing:0px;\"><span style=\"background-color:rgb(255,255,255);color:rgb(0,0,0);font-family:Helvetica-FF, Arial, Tahoma, sans-serif;font-size:16px;\"><span style=\"-webkit-text-stroke-width:0px;display:inline !important;float:none;font-style:normal;font-variant-caps:normal;font-variant-ligatures:normal;font-weight:400;letter-spacing:normal;orphans:2;text-align:start;text-decoration-color:initial;text-decoration-style:initial;text-decoration-thickness:initial;text-indent:0px;text-transform:none;white-space:normal;widows:2;word-spacing:0px;\">Datang di lokasi lebih awal untuk menghindari antrean panjang</span></span></p></li><li><p style=\"-webkit-text-stroke-width:0px;background-color:rgb(255, 255, 255);box-sizing:border-box;color:rgb(0, 0, 0);font-family:Helvetica-FF, Arial, Tahoma, sans-serif;font-size:16px;font-style:normal;font-variant-caps:normal;font-variant-ligatures:normal;font-weight:400;letter-spacing:normal;margin-bottom:16px;margin-top:0px;orphans:2;text-align:start;text-decoration-color:initial;text-decoration-style:initial;text-decoration-thickness:initial;text-indent:0px;text-transform:none;white-space:normal;widows:2;word-spacing:0px;\"><span style=\"background-color:rgb(255,255,255);color:rgb(0,0,0);font-family:Helvetica-FF, Arial, Tahoma, sans-serif;font-size:16px;\"><span style=\"-webkit-text-stroke-width:0px;display:inline !important;float:none;font-style:normal;font-variant-caps:normal;font-variant-ligatures:normal;font-weight:400;letter-spacing:normal;orphans:2;text-align:start;text-decoration-color:initial;text-decoration-style:initial;text-decoration-thickness:initial;text-indent:0px;text-transform:none;white-space:normal;widows:2;word-spacing:0px;\">Pergi ke loket tiket masuk dan pilih kategori tiket yang sesuai</span></span></p></li><li><p style=\"-webkit-text-stroke-width:0px;background-color:rgb(255, 255, 255);box-sizing:border-box;color:rgb(0, 0, 0);font-family:Helvetica-FF, Arial, Tahoma, sans-serif;font-size:16px;font-style:normal;font-variant-caps:normal;font-variant-ligatures:normal;font-weight:400;letter-spacing:normal;margin-bottom:16px;margin-top:0px;orphans:2;text-align:start;text-decoration-color:initial;text-decoration-style:initial;text-decoration-thickness:initial;text-indent:0px;text-transform:none;white-space:normal;widows:2;word-spacing:0px;\"><span style=\"background-color:rgb(255,255,255);color:rgb(0,0,0);font-family:Helvetica-FF, Arial, Tahoma, sans-serif;font-size:16px;\"><span style=\"-webkit-text-stroke-width:0px;display:inline !important;float:none;font-style:normal;font-variant-caps:normal;font-variant-ligatures:normal;font-weight:400;letter-spacing:normal;orphans:2;text-align:start;text-decoration-color:initial;text-decoration-style:initial;text-decoration-thickness:initial;text-indent:0px;text-transform:none;white-space:normal;widows:2;word-spacing:0px;\">Lakukan pembayaran menggunakan sesuai metode pembayaran yang tersedia</span></span></p></li><li><p style=\"-webkit-text-stroke-width:0px;background-color:rgb(255, 255, 255);box-sizing:border-box;color:rgb(0, 0, 0);font-family:Helvetica-FF, Arial, Tahoma, sans-serif;font-size:16px;font-style:normal;font-variant-caps:normal;font-variant-ligatures:normal;font-weight:400;letter-spacing:normal;margin-bottom:16px;margin-top:0px;orphans:2;text-align:start;text-decoration-color:initial;text-decoration-style:initial;text-decoration-thickness:initial;text-indent:0px;text-transform:none;white-space:normal;widows:2;word-spacing:0px;\"><span style=\"background-color:rgb(255,255,255);color:rgb(0,0,0);font-family:Helvetica-FF, Arial, Tahoma, sans-serif;font-size:16px;\"><span style=\"-webkit-text-stroke-width:0px;display:inline !important;float:none;font-style:normal;font-variant-caps:normal;font-variant-ligatures:normal;font-weight:400;letter-spacing:normal;orphans:2;text-align:start;text-decoration-color:initial;text-decoration-style:initial;text-decoration-thickness:initial;text-indent:0px;text-transform:none;white-space:normal;widows:2;word-spacing:0px;\">Simpan tiket fisik dengan baik untuk masuk ke area wisata.</span></span></p></li><li><p style=\"-webkit-text-stroke-width:0px;background-color:rgb(255, 255, 255);box-sizing:border-box;color:rgb(0, 0, 0);font-family:Helvetica-FF, Arial, Tahoma, sans-serif;font-size:16px;font-style:normal;font-variant-caps:normal;font-variant-ligatures:normal;font-weight:400;letter-spacing:normal;margin-bottom:16px;margin-top:0px;orphans:2;text-align:start;text-decoration-color:initial;text-decoration-style:initial;text-decoration-thickness:initial;text-indent:0px;text-transform:none;white-space:normal;widows:2;word-spacing:0px;\"><span style=\"background-color:rgb(255,255,255);color:rgb(0,0,0);font-family:Helvetica-FF, Arial, Tahoma, sans-serif;font-size:16px;\"><span style=\"-webkit-text-stroke-width:0px;display:inline !important;float:none;font-style:normal;font-variant-caps:normal;font-variant-ligatures:normal;font-weight:400;letter-spacing:normal;orphans:2;text-align:start;text-decoration-color:initial;text-decoration-style:initial;text-decoration-thickness:initial;text-indent:0px;text-transform:none;white-space:normal;widows:2;word-spacing:0px;\">Ikuti aturan dan prosedur masuk sesuai arahan petugas.</span></span></p></li></ol><p style=\"-webkit-text-stroke-width:0px;background-color:rgb(255, 255, 255);box-sizing:border-box;color:rgb(0, 0, 0);font-family:Helvetica-FF, Arial, Tahoma, sans-serif;font-size:16px;font-style:normal;font-variant-caps:normal;font-variant-ligatures:normal;font-weight:400;letter-spacing:normal;margin-bottom:16px;margin-top:0px;orphans:2;text-align:start;text-decoration-color:initial;text-decoration-style:initial;text-decoration-thickness:initial;text-indent:0px;text-transform:none;white-space:normal;widows:2;word-spacing:0px;\"><br><span style=\"background-color:rgb(255,255,255);color:rgb(0,0,0);font-family:Helvetica-FF, Arial, Tahoma, sans-serif;font-size:16px;\"><span style=\"-webkit-text-stroke-width:0px;display:inline !important;float:none;font-style:normal;font-variant-caps:normal;font-variant-ligatures:normal;font-weight:400;letter-spacing:normal;orphans:2;text-align:start;text-decoration-color:initial;text-decoration-style:initial;text-decoration-thickness:initial;text-indent:0px;text-transform:none;white-space:normal;widows:2;word-spacing:0px;\">Demikian informasi mengenai harga tiket masuk dan cara berkunjung ke Taman Safari Bogor selama masa liburan panjang Lebaran 2025. Semoga bermanfaat dan selamat menikmati liburan bersama keluarga atau sahabat!</span></span></p>', 'img_6847879fdaaf61.53398409.jpeg'),
(11, '2025-06-10', 'Mengenal Lebih Dalam Pantai Parangtritis', '<p>Di Kota Yogyakarta sebelah selatan terdapat sebuah pantai yang sangat indah dan memukau bernama Pantai Parangtritis. Pantai ini terletak 27 km Daerah Istimewa Yogyakarta. Nama Pantai Parangtritis memiliki arti yaitu kata Parang yang berarti batu dan Tumaritis yang berarti air yang menetes. Maka arti dari Parangtritis yaitu air yang menetes dari bebatuan. Nama ini tercipta ketika Pangeran Dipokusumo yang melakukan pelarian dan bertapa di tepi Pantai.</p><p>Pantai Parangtritis tentunya memiliki berbagai keindahan tersendiri sebagai tempat wisata. Tidak heran jika banyak wisatawan yang berkunjung ke Pantai ini, tidak hanya warga lokal saja tetapi para turis juga berkunjung ke Pantai ini. Dengan berbagai karakteristiknya, Parangtritis memiliki pasir vulkanik berwarna hitam berkilauan yang berbeda dengan Pantai lainnya, ombak yang tinggi dan juga besar, memiliki lautan yang luas bahkan dapat melihat bukit-bukit kecil dari jauh, dan hembusan angin yang kuat. Pantai ini juga menawarkan aktivitas berikut bagi wisatawan: Berkeliling pantai dengan menggunakan mobil jeep atau ATV, menaiki kuda atau kereta kuda, bermain air, menerbangkan layang-layang, atau sekadar duduk santai dan menikmati indahnya suasana Pantai Parangtritis.</p><p><br>Dibalik pesona keindahan alam yang dimilikinya, Pantai Parangtritis mempunyai cerita mistis yang turun-temurun sudah lama terkenal di indonesia. Awal mula cerita ini karena banyaknya mitos yang beredar di masyarakat, konon ada sebuah kerajaan di pesisir Pantai yang dikuasai oleh sosok Nyai Roro Kidul yaitu sebagai Ratu pantai selatan. Menurut legendanya terdapat salah satu keyakinan yang hingga saat ini masih dipercayai meskipun sudah ada penjelasan ilmiah. Jika ingin berkunjung ke Pantai Parangtritis dilarang untuk tidak menggunakan pakaian yang berwarna hijau, hal ini dikarenakan sang ratu Nyi Roro Kidul menyukai warna hijau.</p><p>Bila menggunakan pakaian berwarna hijau, ditakutkan akan terseret ombak ke laut dan ditarik oleh Nyi Roro Kidul, untuk dijadikan sebagai prajuritnya.Maka warna hijau sendiri merupakan warna yang harus dihindari saat ke pantai selatan, sebab jika terseret ombak akan sulit untuk melakukan pencarian menemukannya karena tersamar dengan warna lautan yang kehijauan. Terlepas dari semua mitos yang ada, pengunjung Pantai Parangtritis tetap harus hati-hati karena ombak di sana bisa dibilang sangat besar dan mencapai ketinggian 2 hingga 6 meter. Makanya, pengunjung dilarang untuk mandi di pantai karena pantai memang sangat curam dan berbahaya. Sampai saat ini masih terdapat kasus hilangnya wisatawan di Pantai Parangtritis. Saat ini masyarakat sekitar Yogyakarta masih mempercayai legenda Pantai Parangitis yang dikuasai oleh Ratu Pantai selatan.</p><p>Terlepas dari legendanya, pantai ini tetap menampilkan keindahan dan keunikan tersendiri, dengan pemandangan yang menakjubkan serta deburan suara ombak dapat merilekskan pikiran dan membawa ketenangan yang mendalam bagi jiwa.</p>', 'img_684788932767b7.91591182.jpeg');

-- --------------------------------------------------------

--
-- Table structure for table `article_author`
--

CREATE TABLE `article_author` (
  `article_id` int NOT NULL,
  `author_id` int NOT NULL
) ENGINE=InnoDB DEFAULT CHARSET=latin1;

--
-- Dumping data for table `article_author`
--

INSERT INTO `article_author` (`article_id`, `author_id`) VALUES
(2, 4),
(3, 4),
(8, 4),
(9, 4),
(10, 4),
(11, 4),
(1, 6);

-- --------------------------------------------------------

--
-- Table structure for table `article_category`
--

CREATE TABLE `article_category` (
  `article_id` int NOT NULL,
  `category_id` int NOT NULL
) ENGINE=InnoDB DEFAULT CHARSET=latin1;

--
-- Dumping data for table `article_category`
--

INSERT INTO `article_category` (`article_id`, `category_id`) VALUES
(1, 4),
(8, 4),
(11, 4),
(2, 5),
(9, 5),
(10, 6),
(3, 7);

-- --------------------------------------------------------

--
-- Table structure for table `author`
--

CREATE TABLE `author` (
  `id` int NOT NULL,
  `nickname` varchar(100) NOT NULL,
  `email` varchar(150) NOT NULL,
  `password` varchar(255) NOT NULL
) ENGINE=InnoDB DEFAULT CHARSET=latin1;

--
-- Dumping data for table `author`
--

INSERT INTO `author` (`id`, `nickname`, `email`, `password`) VALUES
(1, 'Budi', 'budi@example.com', 'password123'),
(2, 'Didik', 'didik@example.com', 'password123'),
(3, 'Iwan', 'iwan@example.com', 'password123'),
(4, 'kevin', 'kevin@gmail.com', 'kevin12345'),
(6, 'Dani', 'dan@gmail.com', 'dandandan');

-- --------------------------------------------------------

--
-- Table structure for table `category`
--

CREATE TABLE `category` (
  `id` int NOT NULL,
  `name` varchar(100) NOT NULL,
  `description` text
) ENGINE=InnoDB DEFAULT CHARSET=latin1;

--
-- Dumping data for table `category`
--

INSERT INTO `category` (`id`, `name`, `description`) VALUES
(4, 'alam', 'Kategori yang mencakup tempat wisata alam seperti gunung, pantai, air terjun, dan hutan wisata.'),
(5, 'pendidikan', 'Kategori yang berisi tempat wisata edukasi seperti museum, pusat sains, kebun binatang, monumen sejarah, dan planetarium.'),
(6, 'taman', 'Kategori yang mencakup tempat wisata taman rekreasi seperti taman kota, taman hiburan, dan taman bermain.'),
(7, 'Sejarah', 'Kategori yang khusus berisi pembahasan monumen bersejarah di dunia');

--
-- Indexes for dumped tables
--

--
-- Indexes for table `article`
--
ALTER TABLE `article`
  ADD PRIMARY KEY (`id`);

--
-- Indexes for table `article_author`
--
ALTER TABLE `article_author`
  ADD PRIMARY KEY (`article_id`,`author_id`),
  ADD KEY `author_id` (`author_id`);

--
-- Indexes for table `article_category`
--
ALTER TABLE `article_category`
  ADD PRIMARY KEY (`article_id`,`category_id`),
  ADD KEY `category_id` (`category_id`);

--
-- Indexes for table `author`
--
ALTER TABLE `author`
  ADD PRIMARY KEY (`id`),
  ADD UNIQUE KEY `email` (`email`);

--
-- Indexes for table `category`
--
ALTER TABLE `category`
  ADD PRIMARY KEY (`id`);

--
-- AUTO_INCREMENT for dumped tables
--

--
-- AUTO_INCREMENT for table `article`
--
ALTER TABLE `article`
  MODIFY `id` int NOT NULL AUTO_INCREMENT, AUTO_INCREMENT=12;

--
-- AUTO_INCREMENT for table `author`
--
ALTER TABLE `author`
  MODIFY `id` int NOT NULL AUTO_INCREMENT, AUTO_INCREMENT=7;

--
-- AUTO_INCREMENT for table `category`
--
ALTER TABLE `category`
  MODIFY `id` int NOT NULL AUTO_INCREMENT, AUTO_INCREMENT=9;

--
-- Constraints for dumped tables
--

--
-- Constraints for table `article_author`
--
ALTER TABLE `article_author`
  ADD CONSTRAINT `article_author_ibfk_1` FOREIGN KEY (`article_id`) REFERENCES `article` (`id`) ON DELETE CASCADE,
  ADD CONSTRAINT `article_author_ibfk_2` FOREIGN KEY (`author_id`) REFERENCES `author` (`id`) ON DELETE CASCADE;

--
-- Constraints for table `article_category`
--
ALTER TABLE `article_category`
  ADD CONSTRAINT `article_category_ibfk_1` FOREIGN KEY (`article_id`) REFERENCES `article` (`id`) ON DELETE CASCADE,
  ADD CONSTRAINT `article_category_ibfk_2` FOREIGN KEY (`category_id`) REFERENCES `category` (`id`) ON DELETE CASCADE;
COMMIT;

/*!40101 SET CHARACTER_SET_CLIENT=@OLD_CHARACTER_SET_CLIENT */;
/*!40101 SET CHARACTER_SET_RESULTS=@OLD_CHARACTER_SET_RESULTS */;
/*!40101 SET COLLATION_CONNECTION=@OLD_COLLATION_CONNECTION */;
